,1972,1973,1973,1973,1973,1974,1974,1974,1974,1975,1975,1975,1975,1976,1976,1976,1976,1977,1977,1977,1977,1978,1978,1978,1978,1979,1979,1979,1979,1980,1980,1980,1980,1981,1981,1981,1981,1982,1982,1982,1982,1983,1983,1983,1983,1984,1984,1984,1984,1985,1985,1985,1985,1986,1986,1986,1986,1987,1987,1987,1987,1988,1988,1988,1988,1989,1989,1989,1989,1990,1990,1990,1990,1991,1991,1991,1991,1992,1992,1992,1992,1993,1993,1993,1993,1994,1994,1994,1994,1995,1995,1995,1995,1996,1996,1996,1996,1997,1997,1997,1997,1998,1998,1998,1998,1999,1999,1999,1999,2000,2000,2000,2000,2001,2001,2001,2001,2002,2002,2002,2002,2003,2003,2003,2003,2004,2004,2004,2004,2005,2005,2005,2005,2006,2006,2006,2006,2007,2007,2007,2007,2008,2008,2008,2008,2009,2009,2009,2009,2010,2010,2010,2010,2011,2011,2011,2011,2012,2012,2012,2012,2013,2013,2013,2013,2014,2014,2014,2014,2015,2015,2015,2015,2016,2016,2016,2016,2017,2017,2017,2017,2018,2018,2018,2018
,Q4,Q1,Q2,Q3,Q4,Q1,Q2,Q3,Q4,Q1,Q2,Q3,Q4,Q1,Q2,Q3,Q4,Q1,Q2,Q3,Q4,Q1,Q2,Q3,Q4,Q1,Q2,Q3,Q4,Q1,Q2,Q3,Q4,Q1,Q2,Q3,Q4,Q1,Q2,Q3,Q4,Q1,Q2,Q3,Q4,Q1,Q2,Q3,Q4,Q1,Q2,Q3,Q4,Q1,Q2,Q3,Q4,Q1,Q2,Q3,Q4,Q1,Q2,Q3,Q4,Q1,Q2,Q3,Q4,Q1,Q2,Q3,Q4,Q1,Q2,Q3,Q4,Q1,Q2,Q3,Q4,Q1,Q2,Q3,Q4,Q1,Q2,Q3,Q4,Q1,Q2,Q3,Q4,Q1,Q2,Q3,Q4,Q1,Q2,Q3,Q4,Q1,Q2,Q3,Q4,Q1,Q2,Q3,Q4,Q1,Q2,Q3,Q4,Q1,Q2,Q3,Q4,Q1,Q2,Q3,Q4,Q1,Q2,Q3,Q4,Q1,Q2,Q3,Q4,Q1,Q2,Q3,Q4,Q1,Q2,Q3,Q4,Q1,Q2,Q3,Q4,Q1,Q2,Q3,Q4,Q1,Q2,Q3,Q4,Q1,Q2,Q3,Q4,Q1,Q2,Q3,Q4,Q1,Q2,Q3,Q4,Q1,Q2,Q3,Q4,Q1,Q2,Q3,Q4,Q1,Q2,Q3,Q4,Q1,Q2,Q3,Q4,Q1,Q2,Q3,Q4,Q1,Q2,Q3,Q4
Personal income,1077,1095.1,1124.9,1152.5,1190.7,1206.8,1232.9,1269.1,1298.5,1318.4,1350,1386.5,1422.7,1456.1,1481.2,1518.4,1554.9,1588.8,1633,1677.7,1737.4,1778.1,1838.2,1892.6,1946,2005.4,2045.4,2110.9,2169,2231.9,2269.4,2348.5,2444.7,2508.9,2559.8,2659.1,2692.7,2727.8,2772.3,2812.5,2853.8,2892.4,2942.1,3001.2,3088.6,3178.9,3262.9,3337.4,3391.7,3455.4,3495.5,3543.1,3605.5,3667.6,3708.8,3757.1,3798.8,3856,3917.5,3988.5,4084.3,4160.6,4234.8,4326.3,4411.9,4537.2,4592.9,4648.5,4723.7,4818.9,4899.2,4958.5,4978.6,4992.5,5054.1,5107.1,5186,5297.8,5394.4,5456.3,5535,5560.7,5635.8,5677.6,5757.7,5807.9,5912.7,5978.4,6089.4,6181.2,6250.7,6329.3,6404.3,6521,6649.8,6725.9,6817.5,6939.4,7022.3,7135.3,7273,7434.6,7561.1,7668.1,7762.9,7850.9,7920.4,8028.8,8207.3,8457.2,8591.8,8741,8820.4,8984,9013.6,9000.8,9024,9057.8,9148.8,9174.4,9254.8,9315.1,9417.8,9542.3,9675.1,9777.9,9953.6,10094.7,10314.1,10338.5,10505.2,10661.7,10887.6,11189.5,11324,11429.4,11583.9,11836.7,11977,12048.4,12169.1,12315,12642.6,12467.2,12344,11989.6,12083.2,12038.3,12125.3,12275.9,12492.6,12636,12801.9,13158.2,13267.3,13402,13479.5,13785.7,13946.8,13915.4,14392.6,14001.2,14135,14232,14356.2,14639.3,14890.8,15120,15316.8,15478.5,15685,15831.1,15876.4,15937.6,16029,16175.5,16342.6,16604.1,16749.6,16930.4,17231.2,17540.3,17725,17928.5,18082.8
    Compensation of employees,758.8,785.4,803.2,820.4,841.7,858.3,878.5,900.2,913.8,918.4,931.2,956,983.4,1014.7,1035.5,1058.4,1084.8,1113.3,1150.3,1182.1,1217.6,1250.9,1299.1,1336.9,1380.2,1422.5,1454.7,1496.7,1534.9,1573.6,1599.2,1628.6,1687.6,1739.6,1774.8,1815.1,1840.7,1864.7,1884.4,1904.8,1918.1,1947.2,1986.3,2029.6,2086.8,2143.8,2195.2,2241.6,2282.9,2323.5,2363.6,2406.4,2455.7,2491.1,2517.2,2555.2,2604.7,2647.8,2692,2740.3,2809.6,2857.6,2923.1,2975.8,3035.4,3079.1,3114.6,3155,3209.7,3272.8,3334.7,3372.5,3381.5,3387.5,3427.6,3469.9,3517,3595.7,3651.9,3688.5,3736.9,3745.6,3800.2,3834.1,3889.3,3913.4,3991.5,4031.8,4088.1,4134.4,4172.9,4219.7,4265.3,4314.5,4387.5,4451.2,4514.5,4592.4,4660,4738.9,4844,4942,5028.3,5114.9,5199.4,5288,5344.3,5423.3,5555.5,5750,5792.7,5904.9,5944.7,6050.8,6041.7,6025.4,6038.6,6061.1,6129.3,6157.8,6194.2,6213.6,6307.7,6394.1,6500.8,6542,6669.1,6804.3,6864.8,6926.9,7006,7122.9,7210.6,7380.2,7428.1,7487.2,7624,7806.8,7845.4,7885.1,7978.2,8055.3,8054.8,8074,8043.8,7729.8,7761.4,7746.2,7796.7,7767.2,7910.1,7981.8,8040.7,8170,8206.1,8287.1,8240.4,8455.9,8503,8545.3,8762.6,8731.7,8818.7,8844.7,8941.7,9113,9171.3,9279.6,9432.5,9563.3,9667.2,9748.7,9813.4,9843.5,9900.1,9993.2,10104.5,10227.6,10334.2,10456.7,10628,10786,10876.1,10994.3,11057.4
        Wages and salaries,664,683.4,700.2,716.2,735.3,748.2,765.3,783.1,792.5,791.9,800.4,821.3,845.8,871.2,889.4,908.5,929.9,950,980.9,1007.5,1038.2,1063.8,1106,1138,1174.4,1208.6,1234.4,1269.4,1300.9,1333.8,1353.9,1377.3,1428.7,1467.7,1496.7,1530.6,1550.6,1567.5,1581.7,1596.4,1604.4,1622.4,1654.7,1691.4,1741.5,1784,1828.1,1867.1,1900.5,1932.1,1963.6,1997.4,2037,2063.5,2081.8,2111.5,2152.5,2192.7,2229.9,2270.8,2331.7,2366.2,2421.5,2462.9,2508.6,2540.8,2563.5,2592.3,2635.7,2684.4,2738.8,2769.3,2772.2,2771.7,2800.1,2828.1,2858,2912.9,2952,2976.6,3020.8,3015.9,3066.5,3093.6,3141.4,3152.7,3223.3,3258.7,3311.6,3358.1,3395.2,3438.9,3479.9,3524.4,3590,3647.2,3704.3,3776.4,3835.6,3903,3992.4,4074.9,4145.5,4217.4,4288.7,4365.7,4409.7,4473,4583.6,4752.3,4780,4872.3,4898.9,4980.1,4962.2,4936.8,4938.6,4946.2,4998.5,5013,5027.5,5027.4,5101.8,5169.1,5256.5,5275.2,5381.4,5493.4,5536.4,5575.3,5638.3,5738.6,5815.4,5971.9,6012.7,6061.8,6181.4,6344.5,6370.5,6397.4,6474.6,6539.8,6532.6,6546.7,6517.9,6225,6253.9,6236.9,6278.6,6232.8,6360.2,6422.1,6473.3,6577.2,6607.9,6681.5,6637.1,6835.8,6875.2,6905.3,7093.6,7043,7102.1,7112,7195.6,7357.4,7408.2,7502,7633.3,7745,7830.2,7898.2,7953.3,7982.8,8032.1,8112.2,8206.9,8310.6,8397.7,8497.9,8642,8776.7,8845,8942.2,8990
            Private industries,520.7,538.3,553,566.6,582,592.5,607.1,621.8,625.6,621.4,625.9,643.5,663.6,686.4,702.1,719,735.8,753.3,781.2,803.8,827.9,850.3,888.8,915.6,947.6,977.2,1000.9,1030,1056.6,1083.6,1093.3,1113.1,1157.9,1190.3,1214.1,1241.9,1255.8,1266.8,1276.3,1286.9,1289.9,1303.7,1332.1,1364.7,1410.4,1446.2,1483.4,1515.2,1542.4,1568.2,1593.2,1619.3,1654,1675.6,1688.3,1712,1744.6,1779.1,1810,1845.7,1897.8,1924.4,1973,2008.3,2045.2,2071.3,2086.6,2107.1,2142.7,2180.9,2220.1,2245.5,2242.1,2232.1,2254.1,2276.5,2300.2,2348.7,2382.2,2401.4,2442,2433.1,2479.8,2501.9,2546.5,2551.6,2616.2,2646.2,2694.4,2735.7,2767.7,2808,2844.6,2884.4,2944.3,2996.5,3048.2,3114.1,3167.7,3228.9,3309.2,3385.1,3448.1,3511.8,3576.2,3647.6,3682.7,3734.5,3832.3,3987.1,4001.4,4088.4,4107.4,4178.4,4148.2,4107.9,4095.3,4091.1,4130.3,4133.2,4139.2,4126.3,4189.8,4251.4,4331.6,4338.6,4433.1,4536.7,4568.5,4597.5,4652.2,4743,4809.6,4957.3,4986.9,5019.8,5125.7,5272.9,5290,5303.9,5366.1,5415,5396.6,5395.6,5354.4,5062.2,5077.8,5057.9,5095.6,5047,5163.6,5230.8,5282.2,5384.2,5408.7,5483.8,5447.6,5637.2,5679.5,5708.5,5891.6,5836.6,5895.3,5907.2,5981.6,6135.6,6177.6,6260.5,6379.6,6481.8,6557.4,6618.1,6666.9,6688.5,6729.6,6798.1,6885.7,6979.2,7057.4,7144.9,7274.9,7396.3,7450.9,7529.6,7566.8
            Government,143.3,145,147.2,149.6,153.4,155.6,158.2,161.3,166.9,170.5,174.5,177.8,182.2,184.8,187.3,189.5,194.1,196.7,199.7,203.7,210.3,213.6,217.3,222.4,226.8,231.3,233.5,239.4,244.3,250.2,260.6,264.2,270.8,277.3,282.6,288.6,294.8,300.8,305.4,309.5,314.5,318.7,322.6,326.7,331.2,337.8,344.8,351.9,358.1,363.9,370.4,378.1,383,387.9,393.6,399.4,407.9,413.5,419.9,425.1,433.9,441.7,448.5,454.5,463.4,469.5,476.9,485.1,493,503.5,518.7,523.9,530.1,539.6,546,551.6,557.8,564.2,569.8,575.2,578.8,582.8,586.6,591.8,594.8,601.1,607.2,612.5,617.2,622.4,627.5,630.9,635.3,640,645.6,650.7,656,662.3,668,674.1,683.2,689.8,697.4,705.6,712.4,718.1,727,738.6,751.4,765.2,778.6,783.8,791.5,801.8,814,828.9,843.3,855.1,868.2,879.8,888.4,901.2,911.9,917.8,924.9,936.6,948.3,956.6,967.9,977.8,986.1,995.5,1005.8,1014.6,1025.8,1041.9,1055.8,1071.6,1080.5,1093.6,1108.5,1124.8,1136,1151.2,1163.4,1162.8,1176,1179,1183.1,1185.8,1196.6,1191.3,1191.1,1193.1,1199.2,1197.6,1189.5,1198.7,1195.8,1196.8,1202,1206.4,1206.8,1204.8,1214,1221.9,1230.6,1241.5,1253.7,1263.2,1272.8,1280.1,1286.4,1294.2,1302.5,1314.1,1321.2,1331.4,1340.3,1353,1367.2,1380.4,1394.1,1412.6,1423.3
        Supplements to wages and salaries,94.8,102.1,103,104.2,106.4,110.2,113.2,117.1,121.3,126.5,130.8,134.7,137.6,143.5,146.1,149.9,154.9,163.2,169.4,174.6,179.4,187.1,193.1,198.9,205.8,214,220.4,227.3,234,239.8,245.3,251.3,258.9,271.9,278.1,284.5,290.1,297.1,302.6,308.3,313.8,324.8,331.6,338.2,345.3,359.8,367,374.6,382.4,391.4,400,409,418.7,427.6,435.4,443.8,452.2,455.1,462.1,469.5,477.8,491.4,501.6,513,526.9,538.3,551.1,562.8,574.1,588.3,595.9,603.2,609.3,615.8,627.5,641.8,659,682.8,699.9,712,716.1,729.6,733.8,740.5,747.9,760.7,768.2,773,776.5,776.3,777.7,780.8,785.4,790.1,797.6,804,810.2,816,824.3,835.9,851.6,867.1,882.8,897.4,910.7,922.3,934.6,950.3,971.8,997.7,1012.7,1032.7,1045.8,1070.7,1079.5,1088.6,1100,1114.9,1130.8,1144.8,1166.6,1186.2,1205.9,1225,1244.3,1266.8,1287.7,1310.9,1328.4,1351.6,1367.7,1384.4,1395.2,1408.3,1415.4,1425.4,1442.6,1462.2,1474.8,1487.6,1503.6,1515.5,1522.2,1527.2,1526,1504.8,1507.5,1509.3,1518.1,1534.4,1549.9,1559.7,1567.4,1592.8,1598.2,1605.7,1603.3,1620.1,1627.8,1640,1669,1688.7,1716.6,1732.7,1746.2,1755.6,1763.1,1777.6,1799.2,1818.4,1837,1850.5,1860,1860.7,1868,1881.1,1897.5,1917,1936.5,1958.8,1985.9,2009.4,2031.1,2052,2067.4
            Employer contributions for employee pension and insurance funds1,63,63.3,63.7,64.3,65.3,66.6,68.7,71.8,75.9,80.7,84.8,87.7,89.4,90.4,92.2,95.1,99.2,104.2,108.8,112.9,116.4,119.4,122.6,126.3,130.3,134.7,139,143.5,148.1,152.9,157.7,162.2,166.7,171,175.3,179.7,184.1,188.5,193.2,198,203.1,208.4,213.2,217.5,221.3,224.7,228.9,234,240,247,253.8,260.4,266.9,273.1,279.1,284.9,290.4,292.4,297.5,302.4,307.2,312.1,318.6,326.8,336.8,348.1,358.8,368.2,376.4,386.3,390.3,394.7,399.6,405.2,413.6,425.1,439.7,456.8,471,481.4,488.1,491.7,495.6,500.2,505.7,511.4,515.4,517.6,517.4,515.6,514.9,515.6,517.8,521,524.4,527.3,530,532.7,537.4,544.7,554.7,566.7,578,587.9,596.6,604.1,613.9,626.3,641.4,657.1,671.3,684.6,694.9,712.9,721.6,731.2,741.3,753.2,764.8,777.3,797.6,812.2,826.2,839.9,852.8,868,881.6,897.1,912.2,930.6,943.1,953.4,959.5,964.7,970.1,978.5,989.2,1002.5,1015,1026.8,1037.3,1045.8,1051.9,1054.4,1053.3,1048.8,1048.1,1051.5,1058.9,1070.3,1080.4,1088.9,1095.9,1102,1106.4,1109.5,1111.1,1112.1,1117.8,1128.8,1145.1,1168.4,1190.7,1205.9,1214,1216.1,1221.3,1229.9,1242.5,1257,1269.5,1278.3,1284.2,1286.5,1290.5,1298,1307.5,1320.4,1334.3,1350.8,1370,1391.8,1410.9,1426.6,1439.3
            Employer contributions for government social insurance,31.8,38.7,39.3,39.9,41.1,43.6,44.5,45.3,45.4,45.7,46,47,48.2,53.1,53.9,54.9,55.7,59.1,60.6,61.7,63,67.6,70.4,72.6,75.4,79.2,81.4,83.9,85.9,86.9,87.6,89.1,92.2,100.9,102.7,104.8,106,108.6,109.5,110.3,110.7,116.4,118.4,120.7,124,135.1,138.1,140.5,142.4,144.4,146.2,148.6,151.8,154.5,156.3,158.9,161.8,162.7,164.6,167.1,170.6,179.2,183,186.2,190,190.1,192.3,194.6,197.7,202,205.6,208.5,209.6,210.6,213.9,216.8,219.3,226,229,230.6,228,238,238.2,240.3,242.2,249.3,252.8,255.5,259,260.8,262.8,265.3,267.7,269.1,273.2,276.7,280.3,283.3,286.9,291.2,297,300.4,304.9,309.5,314.1,318.2,320.7,324,330.5,340.6,341.4,348.1,350.8,357.8,358,357.4,358.7,361.6,366,367.5,369,374,379.8,385,391.4,398.8,406.1,413.9,416.2,421.1,424.6,430.9,435.6,443.6,445.3,447,453.3,459.7,459.8,460.9,466.3,469.7,470.4,472.8,472.7,456,459.4,457.8,459.2,464.1,469.5,470.8,471.5,490.8,491.8,496.2,492.2,508,510,511.2,523.9,520.4,525.9,526.8,532.1,539.5,541.8,547.7,556.7,561.4,567.5,572.2,575.8,574.2,577.5,583.1,590,596.6,602.2,607.9,615.9,617.6,620.2,625.4,628.1
    Proprietors' income with inventory valuation and capital consumption adjustments,105.6,104.1,109.9,113.8,122.2,115.7,108.6,111,113.5,112.7,114.3,120.7,125.2,126.4,128.6,132.7,136.2,138.6,140.5,142.4,156.5,158.5,166.1,168.3,170.9,180.1,179.2,180.7,177.8,167.6,160.3,173.4,185,188.2,176.4,182.3,171.8,165.2,169.4,170.7,179.5,183.3,182.6,183.8,195.3,221.9,231.8,232.4,226.9,240.7,238.5,240.7,244.3,245.6,251.6,264.4,264.2,275.4,282.3,289.5,298.6,319.2,322.5,333.6,326.8,348.1,339.5,337.2,339.7,345.6,351.1,358.9,357,347.5,353,353.6,362.6,378.7,395.2,407.9,418.8,418.9,429.6,423.4,440,450.2,454.1,456.8,465.5,467.4,472,484.5,501,523.3,547.5,547.5,556.8,575.6,575.1,588.5,596.6,617.4,629.6,645,668.7,681.9,690.1,699.8,713.9,720.9,751.3,760.8,782.4,809.8,827.7,845.6,840.9,859.7,863.7,872.4,883.2,874.9,891.5,905,916.2,945.7,962.1,963.2,977.1,956.6,963.4,986.8,1005.4,1048.1,1050.9,1047.7,1051.9,1016.2,995.9,985.1,978.9,964.7,968.6,958.2,952.2,914.3,902.3,935.3,1002.2,1056.9,1104,1129.4,1144.4,1181,1212.2,1253.5,1270.4,1322.8,1356.5,1345.8,1364.2,1388.3,1411.8,1412.5,1401.7,1413.4,1452.7,1468.3,1456.6,1432.9,1406.3,1425.9,1423.7,1415.2,1410.2,1429.5,1440,1494.8,1512.2,1523.1,1542.9,1567.5,1573.3,1590,1624.4
        Farm,22.4,21.8,27.6,29.5,37.5,28.6,20.1,21.5,23.7,19.7,20.1,23.8,24.3,19.4,17,16.1,16.3,16,14.1,11.8,22,18.5,20.9,20.8,19.5,23.8,21.8,22.3,20.8,13.3,3.1,11.7,18.7,17.6,18.2,23.3,17,14.4,12.8,11.9,14.2,12.9,7.9,0.2,3.8,19.5,21.3,20.4,22.5,22.8,20.4,19.3,21.4,18.3,19.6,26.6,26.6,27.3,29,28.8,30.4,33.3,27.4,28.8,17.7,36.7,32.6,30.3,32.5,34.5,32.7,31.8,29.7,26.2,27.9,24.5,28.6,32.9,35.4,36.7,34.1,28.6,34.9,26.1,35.8,41.8,36.7,32.1,28.1,20.3,18.4,21.4,28.1,36.9,44.2,33.5,34.7,37.8,28.1,32.4,31.2,27.9,26.4,26.6,33,33.6,28.1,26.2,24.5,27.1,33.4,31.9,33.7,34,32.5,32.6,29.2,17.9,12.8,21.3,27.7,28.4,36.4,39.4,41.6,55.4,54.3,46.1,50.2,47.1,50.4,48.2,41.4,33.8,32.7,32.4,33.3,41.8,36.6,37.2,45.4,48.6,45.5,35.5,31.2,24,24.4,27.4,36.5,31.5,35.3,41.3,47.8,66.8,61.2,66.4,65.1,60.9,59,60.3,63.4,94.1,95.3,94.3,69.6,68.3,79,66.1,65.9,54,55.7,58.9,55.5,36.5,38.3,36.5,31.2,44.5,42.1,34.1,31.8,28.1,27.5,17.4,35.9
        Nonfarm,83.3,82.4,82.4,84.3,84.7,87.1,88.5,89.5,89.8,93,94.2,96.9,100.8,107,111.6,116.6,119.9,122.6,126.4,130.6,134.5,140,145.2,147.6,151.4,156.3,157.3,158.5,157,154.3,157.2,161.7,166.3,170.6,158.2,158.9,154.9,150.8,156.6,158.8,165.3,170.4,174.8,183.6,191.5,202.4,210.5,211.9,204.4,217.8,218,221.5,223,227.4,232,237.8,237.6,248.2,253.3,260.7,268.2,285.9,295.1,304.8,309.2,311.4,306.9,306.9,307.2,311.1,318.4,327.2,327.3,321.3,325.2,329.1,333.9,345.8,359.8,371.1,384.8,390.3,394.6,397.4,404.2,408.4,417.5,424.6,437.4,447.1,453.6,463.1,472.9,486.4,503.3,514,522.1,537.8,547,556.1,565.4,589.5,603.2,618.4,635.7,648.3,661.9,673.6,689.4,693.9,717.9,728.9,748.7,775.7,795.2,813,811.7,841.8,850.9,851.2,855.5,846.4,855.1,865.5,874.5,890.3,907.8,917.1,926.8,909.5,913,938.5,963.9,1014.2,1018.2,1015.3,1018.5,974.4,959.3,947.9,933.5,916.1,923.1,922.8,921,890.3,878,907.9,965.7,1025.4,1068.7,1088.2,1096.7,1114.2,1151,1187.1,1205.3,1261.9,1297.5,1285.5,1300.8,1294.2,1316.5,1318.2,1332,1345.1,1373.6,1402.2,1390.7,1378.9,1350.5,1367,1368.2,1378.7,1371.9,1393,1408.9,1450.3,1470.1,1489,1511.1,1539.4,1545.8,1572.6,1588.4
    Rental income of persons with capital consumption adjustment,23.8,23.5,23.3,22.3,23.3,23.5,22.9,23.3,23,22.7,22.4,22.2,21.9,21.6,20.5,20,19.1,16.4,16.3,15.6,15.1,15.9,15.6,17.1,17.5,17.3,15.6,15.4,16.1,15.8,17.1,19.9,23.2,24,23.3,23.1,24.7,23.5,21.1,24.4,26.3,25.8,24.7,23.7,23.5,23.2,21.7,24.4,29.3,26.9,25.3,27.1,25.6,22,21.1,16.6,13.4,14.5,14.1,17.5,20.3,21.1,20.3,21.2,27.4,23.1,21.2,20,21.8,23.1,26.7,31.6,31.3,33,35.5,39.4,46.4,50,57.3,64.3,70.7,80.7,86.9,92.5,100.2,109,113.5,116.3,115.9,118.3,121.6,125.7,134,139.5,141.6,143.7,145.3,144.2,144.6,147.4,152.1,156.8,162.6,168,173.4,176.1,179.6,179.4,178.9,179.8,180.2,182.9,191,197.1,202.6,204.8,205.1,209.1,211,210.4,213.6,223,227.7,232,243.3,247.5,252.1,248.5,247.4,240.1,237.3,225.6,225,216.7,206.3,199.5,186.8,174.2,183.8,187.5,191.9,220.5,245,268.1,293,303.4,318.4,338.5,349,371.8,387.9,399.5,417.6,453.4,471.6,485,504.6,509.9,517.5,520.5,524,537.9,550.2,564.6,575.2,588.4,599.2,609.9,621,623.1,647.7,658.1,663.5,669.9,680.2,683.6,692.1,707.4,709.9,722,736,743.8,754,765.2,764.1
    Personal income receipts on assets,142.8,146.6,151.6,158.8,164.6,170.5,177.6,183.9,190.4,196.4,198.5,202.5,206.5,210.5,217.1,222.8,229.7,238.8,246.6,255.4,265.5,273.3,281.3,289.8,298.9,308.8,318.8,330.4,350.4,377.5,391.2,397,421.9,440.5,469,508.5,525.4,544.1,559.9,560.8,563.2,574.3,584.4,609.2,630.2,645.6,671.4,698.4,707.7,718.6,723.8,724.1,738.7,762.3,770.2,770.3,769.8,771.1,781,796.9,815.4,824,833.7,860.5,887.5,933.6,961.5,975.6,986.6,999.5,1003.1,1010,1008.7,1003.9,1004.2,1006.8,999.9,996.8,1000.4,997.1,1000.9,1007.7,1007.4,1006.4,1006.7,1015.2,1035.9,1057.7,1090.4,1112.7,1130.9,1144.3,1158.4,1170.8,1188.5,1210.7,1234.7,1251.4,1274.5,1294.9,1319.4,1353.9,1379.1,1385.2,1365.3,1340.5,1344.4,1358.4,1394,1445.8,1482.3,1506,1508.9,1503,1487.3,1465.2,1439.3,1411,1414.1,1396,1414.4,1442.7,1424.2,1434,1447.7,1454.8,1478,1492.3,1623.4,1584.8,1652.1,1677.6,1798.2,1869.5,1953.9,1989.3,2021.6,2088.5,2198.8,2218.6,2229.5,2255.6,2212,2217,2118.9,1962.2,1888.7,1805.8,1752.3,1750.3,1764,1776.5,1838.5,1903.8,1930.2,1947.3,2022.3,2097,2151.7,2086.7,2327.1,2030.5,2041.1,2082,2111.6,2190.1,2285.3,2350.1,2383.4,2405.4,2485.8,2512.7,2479.3,2490.6,2505.3,2529.4,2560.2,2630.7,2657.1,2671.3,2767.4,2851.6,2909.3,2957.7,3002
        Personal interest income,115.1,118.2,122.4,128.4,133.1,137.9,144.4,150.3,157,163.5,165.9,169.7,173.1,174.4,179,182.9,187.9,196.2,202.7,209.9,218.7,225.1,231.9,238,245.3,253.4,261.9,272.4,290.8,315.8,327,332.4,356.4,371.9,396.4,432.8,447.8,466.6,483.6,483.8,483.8,493.5,502.5,525,544,557.1,580.7,607.6,615.1,623.4,626.9,626,639.4,659.2,664,663,662.3,662.4,671.3,683.8,698.3,702.4,707.4,727.9,748.9,785.7,805.9,814.7,819.6,829.5,833.4,840.3,842.8,829,824.4,824,816.7,812.1,812.7,806.5,807.8,811.6,806.8,799.3,791.4,790.3,802.9,818.5,846.8,865.8,878.5,883.6,886.5,885.7,891,902.4,916.8,925.1,940.2,952.9,970.1,998.4,1020.9,1028.4,1014.1,997.3,1003.9,1013.1,1036.6,1071.3,1096.6,1116.9,1124.1,1129.9,1120.1,1099.4,1067.8,1025.5,1016.6,993.8,1004.4,1033.1,1013.2,999.4,974.4,941.3,936.9,945.6,977.9,1030.8,1083.4,1103.7,1183.9,1185.1,1238.7,1257.6,1261.7,1310.1,1379.8,1388.8,1395.7,1391.6,1385.7,1420.4,1387.4,1296.9,1327.1,1301,1272,1246.4,1240.4,1222.1,1245,1267.7,1269.8,1250.4,1289.5,1341.6,1365.3,1290.2,1325.1,1273.4,1261,1272.4,1285.2,1315.6,1340.8,1365.2,1374.5,1357.7,1461.8,1488.5,1443.5,1447.1,1449.1,1457.9,1475.6,1545.4,1523.5,1528.9,1608.6,1669.6,1694.6,1719.3,1727.2
        Personal dividend income,27.7,28.4,29.3,30.4,31.5,32.5,33.3,33.5,33.4,32.9,32.6,32.8,33.3,36.1,38.1,39.9,41.8,42.6,43.9,45.6,46.8,48.2,49.4,51.7,53.6,55.3,56.9,58,59.6,61.7,64.2,64.6,65.4,68.6,72.6,75.8,77.6,77.5,76.4,77,79.4,80.9,81.9,84.2,86.2,88.4,90.7,90.9,92.6,95.3,96.8,98.2,99.3,103.1,106.2,107.3,107.5,108.7,109.7,113.2,117.1,121.6,126.2,132.6,138.5,147.8,155.5,160.9,167,170,169.7,169.7,165.9,174.9,179.8,182.8,183.2,184.8,187.7,190.5,193.2,196,200.5,207,215.4,224.9,233,239.2,243.6,246.9,252.4,260.7,271.9,285.1,297.4,308.3,317.9,326.2,334.2,341.9,349.3,355.6,358.2,356.8,351.2,343.2,340.5,345.2,357.4,374.4,385.7,389.1,384.8,373,367.2,365.8,371.4,385.5,397.5,402.2,410,409.6,411.1,434.5,473.4,513.5,541,546.7,645.5,554.1,568.7,573.9,614.3,684.4,715.2,731.7,759.9,778.4,819,829.8,833.8,864,826.3,796.7,731.5,665.3,561.6,504.8,480.3,503.9,523.6,554.4,593.5,636.1,660.3,696.8,732.8,755.4,786.5,796.6,1002,757.1,780.1,809.7,826.4,874.5,944.5,984.9,1008.9,1047.6,1023.9,1024.2,1035.8,1043.5,1056.2,1071.5,1084.7,1085.3,1133.5,1142.4,1158.8,1182,1214.7,1238.4,1274.8
    Personal current transfer receipts,106.4,109.1,111.5,113.3,116.5,121.9,129.9,137.1,144.3,155.9,171.5,174.8,177.6,181.8,180,186.7,188.8,191,191.4,196.6,199.3,203.3,205.1,213.9,217.2,222.7,227.4,243,249.1,259.4,264.6,296.6,300,306.5,309.9,328.5,331.1,336.3,345.5,362.1,377.9,380.7,386.9,382.5,387,393.9,398.3,401,409.4,420,422.6,427.9,430.9,443.2,449.1,456.1,457.8,463.1,468.1,469.2,472.2,489.9,493.5,499.6,506.8,531.4,538.8,547.9,558.8,579.5,590.5,600,617.5,641.6,661.4,670.8,698.8,727,745.6,757.6,762,781.6,786,799.9,804.3,818.1,822.9,826.9,848,874,883.5,890.4,886,916,936.4,931.8,932.6,950.2,950,956.2,963.1,974.7,981.1,984.5,995.4,1014.6,1017.8,1030.9,1041.4,1056.7,1083.7,1098,1110.8,1155.6,1187.4,1192.2,1235.2,1260,1282.3,1292.1,1306.4,1324.2,1340.6,1361,1363.2,1397.1,1416,1425.5,1446.3,1488.1,1512.6,1528.3,1537.9,1588.3,1602.8,1628.3,1635.9,1706.7,1710.4,1732.7,1762.7,1802.9,2148.4,1941.4,1927.8,2039.7,2178.6,2176.3,2192.3,2303.2,2311.1,2336.1,2350.1,2361.8,2361.6,2352.1,2359.3,2340.4,2362.8,2364.7,2384.2,2403.5,2416.2,2434.5,2443.2,2474.1,2526.8,2568.2,2597.1,2642.8,2679.2,2696.4,2714.7,2743.7,2765.5,2783.7,2803.8,2823.6,2828.2,2861.9,2878.8,2935.4,2963.1,2983.8,3003.7
        Government social benefits to persons,103.1,105.4,107.6,109.2,112.3,117.5,125.4,132.2,139.1,149.8,164.6,167.7,170.4,174.7,173.1,180.1,182.7,185.5,186.4,191.7,194.3,197.7,199,207.1,209.9,214.9,219.2,234.6,240.7,251.2,256.2,287.9,290.7,296.1,299,317,319.2,324.3,333.2,349.7,365.2,368,373.7,368.5,371.8,376.3,379,380.4,387.9,398.1,400.5,405.6,408.3,419.9,425.6,433.1,435.8,441.9,447.5,449.4,452.8,470.3,473.4,478.8,484.9,508.2,515.7,524.7,535.8,556.2,567.5,578.1,596.8,622.5,643.5,653.8,682.3,710.5,729.1,741.3,746,766.5,771.7,786.3,791.3,805.3,810.1,813.6,833.8,857.9,865.6,870.7,864.6,893.2,912.9,908.5,910.7,930.5,931.3,937.2,942.7,951.8,956,957.4,966.4,983.4,985,996.1,1004.3,1016.9,1042.3,1054.7,1065.6,1107.8,1139.1,1145.2,1191.2,1221,1247.1,1259.9,1276.2,1294.6,1312.6,1335.5,1341.2,1379.6,1400.6,1409.8,1427.9,1464.4,1486,1501,1512.3,1566.7,1583.2,1608.5,1613.8,1680.2,1680.4,1700.2,1728.6,1768.2,2113,1905.3,1890.8,2001.9,2140,2136.9,2152.1,2262.2,2268.7,2292,2302.7,2313,2312.1,2303.2,2312.2,2296.8,2321.8,2325.6,2346.1,2365.7,2378.3,2396,2403.7,2433.2,2484.5,2524.6,2552.1,2596.5,2630.8,2645,2659.7,2684.2,2704.2,2723.2,2746.6,2772.4,2780.6,2815.7,2831.5,2884.8,2910.1,2929.4,2949
            Social security2,47.5,49.1,50.3,51.2,52,52.5,56.9,59.8,61.2,62,62.9,69,69.7,71,71.4,77,78.6,79.2,80.4,86.3,87.1,87.8,87.9,94.3,95.6,96.5,97.8,107.6,108.3,109.3,110,126.9,128.1,130.7,131.1,146.3,146.5,146.8,147.5,157.6,162.9,162.1,164,164,167.6,170.9,172.7,172.4,176,181.5,182,185.3,184.3,191.1,192.1,195.9,195.4,198.9,201.7,201.4,202,213.5,213.5,214.2,214.5,225.9,226.8,227.8,229,241,243.8,244.7,247,261.3,263.6,265.1,266.8,278.6,281.7,282.8,283.9,295.6,297.1,298.6,300.6,308.8,311.8,313,315.1,324.8,327.5,328.6,329.8,339.1,341.4,342.6,344.9,353.9,355.9,357.5,359.1,366.6,368.2,370.7,371.2,377,378.9,380.8,382.7,392.5,404.7,403.9,404.5,420.8,422.7,428.4,428.5,442.9,445.5,448.1,451.2,458.1,463.1,464.8,468.1,479.7,484.8,486.2,491.4,506.5,512.9,514,517.5,538,543.7,546.1,548.6,568.3,575,578.2,581.1,597.3,602.9,608.9,613.1,651.9,662.4,667.9,675.7,678.9,689.3,693.6,699,703.1,712,716,721.8,753.2,759.4,765.1,770.8,790,795.2,802.3,808.6,824.8,831.7,836.5,845.6,861.7,867.9,873.8,883.8,885.8,892.9,899.1,908.2,916.2,921.7,928.7,937.7,960.5,968,976,985.1
            Medicare3,9.2,9.5,10,10.5,11,11.7,12.4,13.1,13.8,14.5,15.2,16,16.8,17.6,18.4,19.2,20,20.9,21.7,22.5,23.3,24.2,25,26,27,28,29.2,30.5,32,33.6,35.3,37,38.8,40.7,42.6,44.4,46.3,48.2,50.1,51.8,53.6,55.2,56.9,58.7,60.4,62.5,64.1,65.6,66.9,67.9,69.1,70.3,71.6,73,74.5,76,77.6,79.6,81.1,82.3,83.3,83.4,85,87,89.7,93.8,96.9,99.7,102.3,104.3,106.5,108.7,111,112.9,115.7,118.9,122.5,127.2,131,134.5,137.7,143.4,144.7,147.5,151.6,156.9,162.2,167.1,171.6,175.7,179.6,183.2,186.5,189.6,192.9,196.5,200.4,204.4,207.1,208.3,207.9,206.4,205.3,205,205.5,206.6,207.9,209.4,211,213,216.1,220.7,226.7,233.8,240.4,245.8,250.3,254.1,257.9,261.6,265.2,268.9,273.4,279,285.5,293,300.4,308.6,315.4,323.2,329.2,335.1,341,389.6,395.6,402.1,409.1,416.4,424.1,432,440.3,448.8,457.3,465.9,474.5,482.9,490.4,496.7,501.8,506,510.5,515.7,521.4,527.6,533.4,538.5,542.9,547,551.6,557.1,563.4,570.3,567.1,573.7,580.2,587.5,595.6,604,612.8,621.8,630.1,637.6,644.4,650.5,656.7,663.3,670.3,677.6,685.2,693.1,701.3,710.2,721.9,736.7,754.6
            Medicaid,8.5,9,9.6,9.7,10.1,10.2,11.1,11.4,12,13.3,13.8,13.8,14.6,15.2,14.9,15.9,15.9,16.2,17.5,16.7,16.5,17.5,18.6,18.9,19.5,20,20.8,21.1,22.4,23.4,22.2,24.2,25.6,26.5,28.1,28.3,28,28.8,30.2,30.8,30.8,33.2,33.4,34,34.9,35.7,36.2,36.8,37.6,38.4,39.2,40.1,41.1,42.1,43.1,44.1,45.2,46.2,47.3,48.4,49.4,50.9,52.2,53.7,55.4,57.4,59.6,61.9,64.4,66.6,70.3,74.9,80.7,83.7,93.1,98.4,112.5,108.3,115.4,120.6,120.8,124.4,124.8,135.2,136,136.6,137.1,136.2,147.8,152.5,152.5,152.7,140.7,151.3,165.8,158.8,156.9,161.4,159.4,163.7,168,167.2,170,168.1,175.4,181.1,179.1,186.7,191.3,190.2,198.3,204.8,204.8,215,230.1,217.4,246.5,244.9,243.8,251.1,260.3,260.7,260.1,271.7,265.7,283.4,293,288.3,294.5,301.3,310.8,300.1,305.4,291.3,294.9,308.7,301.4,332.5,314.7,319.6,329.9,331.6,339.2,340.8,341.8,358.4,368.9,378.2,372.8,382.1,385.7,405.6,414.1,418.8,409.7,396.4,399.3,400.6,421.7,419,428.9,424.8,438.4,448.2,448.6,459.5,481.5,507.2,515.3,523.6,537.9,540.4,541.7,550.2,558.6,566.5,575.6,573.2,569,583.7,584,589.8,600.4,602.9,597.6
            Unemployment insurance,5,4.6,4.5,4.5,4.7,5.8,6.7,6.9,8.6,14.2,19.4,20.2,18.8,17.7,16.3,16.1,15.5,15.5,13.3,11.9,11.8,10.8,9.4,9,8.5,9.4,9.2,9.6,10.6,12,15.7,19,17.8,16.4,15.5,15,16.6,19.1,23.9,26.1,31.8,30.3,32.1,23.3,20,17.3,15.7,15.1,15.9,16.9,16,15,15.6,15.6,16.4,17,16.9,15.5,15.1,14.4,13.5,13.9,13.2,13.2,13,13.6,13.7,14.6,15.8,16.4,17.1,18.2,21,24.3,27.5,25.9,29.4,39.7,41.2,39.6,38,35.1,35.5,35.5,33.2,28,24.4,22.1,21.3,20.9,21.6,22,22.5,23,22.7,21.6,21.7,21,20.4,19.6,19.4,19.4,19.3,20.3,19.8,20.8,20.9,20.3,20,20.5,20,20.6,21.9,25.5,28.4,33.1,40.6,42.8,60.5,56.9,53.7,51.8,55.2,54.2,51.5,42.3,35.9,34.7,32.9,32.1,30.9,31.6,32.5,30.3,29.5,30.6,31.1,32.3,31.8,32.8,34,36.3,38.2,58.2,71.9,101.6,130.3,144.4,148.6,159.3,141.2,131,123.9,116.7,109.3,102.9,99.8,94.6,86.3,78.4,75.1,69,64.8,59.1,57.1,39,35.8,34,33,32.8,31.9,32,31.8,32.3,31.9,31.6,30.8,30.7,29.6,29.6,29.2,28.8,27.2,26.6,26
            Veterans' benefits,10.4,10.1,10,10.3,10.6,10.8,10.8,11.8,12.9,13.9,13.5,13.9,14.5,15.3,13.7,12.8,13.2,13.9,13.4,12.9,13.3,13.8,13.4,13.4,13.9,14.2,13.9,14.1,14.4,14.5,14.4,14.5,15.3,15.6,15.6,15.7,16.2,16.3,16.1,16.2,16.6,16.6,16.4,16.4,16.4,16.2,16.2,16.4,16.2,16.7,16.6,16.5,16.4,16.9,16.7,16.5,16.3,16.6,16.5,16.4,16.4,16.9,16.7,16.7,16.6,17.4,17.2,17.2,17.1,17.9,17.6,17.6,17.7,18,18.5,18.1,17.9,18.7,18.8,18.5,18.5,19.4,19.5,19.2,19.2,19.7,19.6,19.8,19.8,20.6,20.5,20.6,20.5,21.4,21.7,21.3,21.4,22.4,22.2,22.2,22.4,23.3,23.2,23.2,23.4,24.2,24.1,24.1,24.1,25.1,24.9,24.9,25.1,26,26.3,26.4,27.6,28.6,29.3,29.9,30.4,31.2,31.7,32.2,32.2,33.3,33.7,34.4,34.8,36,36.2,36.6,36.8,38.2,38.7,39.1,39.5,40.5,41.7,41.9,42.6,44,44.7,45.5,45.9,49.6,50.4,52.1,54.1,55.9,57.2,58.9,59.9,61.6,62.4,64.6,64.5,67.2,69,71.3,72.9,76.5,78.4,80.5,80.9,81.4,83.3,85,87,90.1,92.3,93.6,94.2,94.2,94.8,96.3,98.3,100.7,103.6,105.5,106.3,108.8,109,109.9,111.8
            Other,22.5,23.1,23.2,23.1,23.7,26.5,27.4,29.3,30.5,32,39.8,34.9,36,38.1,38.4,39,39.5,39.8,40.2,41.4,42.2,43.8,44.6,45.6,45.5,46.8,48.2,51.6,53.1,58.4,58.7,66.2,65.1,66.2,66.1,67.2,65.5,65.1,65.4,67.1,69.5,70.5,71,72.2,72.5,73.7,74.1,74,75.3,76.7,77.7,78.5,79.3,81.2,82.9,83.6,84.4,85,85.9,86.6,88.2,91.7,92.9,94,95.7,100,101.6,103.5,107.1,110,112.2,114,119.5,122.3,125.1,127.3,133.3,138,141.1,145.4,147.1,148.7,150,150.4,150.7,155.4,155,155.6,158.1,163.5,164,163.7,164.7,168.8,168.4,167.7,165.4,167.4,166.4,165.9,165.8,168.8,169.9,170.1,171.2,173.7,174,174.8,175.1,175.6,178.3,179.9,182.7,186.6,191.3,194.1,197.7,207.6,210.1,212.3,215.4,224,229,233.7,238.2,248,252.7,257.7,258.8,265.4,266,283.6,279,279.3,280.8,281.8,284,290.2,293,295.6,300.8,310.3,630.8,386,343.7,357.5,437.5,397.6,399.2,480,484.9,487.3,484.4,485.2,485.4,484.8,484,434.2,433.9,434.6,435,435.2,434.3,432.2,428.2,441,456.7,457.9,458.4,466.4,470.7,467.5,463.9,471.3,469.3,466.4,463.4,474.1,471.6,475.1,473.1,486.7,483.5,477.4,473.8
"        Other current transfer receipts, from business (net)",3.3,3.6,3.9,4.1,4.2,4.3,4.5,4.9,5.2,6.1,6.9,7.1,7.2,7,7,6.7,6.1,5.5,5,4.9,5,5.6,6.2,6.7,7.3,7.9,8.2,8.4,8.5,8.2,8.3,8.7,9.3,10.4,11,11.5,11.9,12,12.3,12.5,12.7,12.8,13.2,14,15.3,17.6,19.2,20.6,21.5,21.9,22.1,22.3,22.6,23.3,23.5,23,22,21.3,20.6,19.7,19.3,19.6,20.1,20.8,21.9,23.3,23.1,23.2,23.1,23.3,22.9,21.9,20.7,19.2,17.9,17,16.4,16.5,16.5,16.3,15.9,15.1,14.4,13.7,13.1,12.8,12.8,13.2,14.2,16,17.8,19.6,21.4,22.8,23.5,23.2,21.9,19.7,18.7,19,20.4,22.8,25.1,27.1,28.9,31.2,32.8,34.8,37.1,39.8,41.5,43.3,45.2,47.9,48.3,47,43.9,39.1,35.2,32.3,30.2,29.6,28,25.5,22,17.5,15.4,15.7,18.4,23.7,26.7,27.3,25.6,21.6,19.7,19.9,22.1,26.5,30,32.5,34.1,34.7,35.4,36.1,36.9,37.8,38.6,39.4,40.2,41,42.4,44.1,47.4,48.8,49.5,48.9,47,43.5,41,39.1,38.1,37.8,37.9,38.5,39.5,40.9,42.2,43.6,45,46.3,48.4,51.3,55,59.5,61.3,60.6,57.2,51.2,47.6,46.2,47.3,50.6,53,54.4,54.7
"    Less: Contributions for government social insurance, domestic",60.4,73.6,74.7,76.1,77.6,83.1,84.7,86.4,86.6,87.6,88,89.8,91.8,98.9,100.4,102.2,103.8,109.3,112.1,114.3,116.7,123.9,129,133.4,138.8,146,150.3,155.4,159.4,161.9,162.9,167,173,189.9,193.6,198.4,201,206,208,210.3,211.2,218.9,222.9,227.7,234.3,249.5,255.5,260.5,264.5,274.3,278.3,283.2,289.6,296.7,300.4,305.5,311.1,315.9,320,324.8,331.7,351.1,358.3,364.5,372,378,382.6,387.2,393.1,401.6,406.9,414.6,417.4,421,427.7,433.5,438.6,450.4,456,459.1,454.4,473.8,474.2,478.8,482.9,498,505.1,511,518.5,525.5,530,535.4,540.3,543.2,551.6,559,566.5,574.4,581.9,590.5,602.2,610.3,619.7,629.5,639.2,650.2,655.7,663,676.2,696,698.4,711.6,717.3,732.3,733.1,732.4,735,743.1,751.5,754.3,757,763.3,773.9,783.8,796.1,809.2,823.6,839.2,844.9,858.1,866.3,879.5,889.5,913.2,918.1,922.6,936.2,955.7,957.3,960.6,972.1,984,986.2,991.5,991.7,959.8,966.3,963.8,967.2,973.6,984.5,987.4,989.5,911.8,914.5,922.9,917.4,940.3,944.7,947.6,969.4,1090.6,1103.1,1106.3,1117.2,1139.8,1144.5,1156.1,1173.8,1188.9,1201.1,1210.6,1218.2,1225.3,1232.4,1244,1258,1280,1292,1304.6,1321.8,1344,1350.9,1362.4,1368.7
Less: Personal current taxes,127.1,126.4,129.2,134.1,140,142.8,148.9,154.9,157.6,158,121.1,152.8,158.5,162.5,169.3,176.1,182.7,188.8,195.7,198.6,208.5,212,223.1,236.3,247.2,253.6,262,274.8,285.2,284.8,292.2,302.2,318.9,330.9,342.7,356.9,352.7,352.5,359.7,350.1,356.6,350.9,359.6,345.4,355.7,361.2,370.4,384.1,395.9,432.3,388.5,421.5,428.9,426.3,429.4,439.5,456,450.7,511.7,489,507,502.1,497.8,506.7,517.2,552.9,566.7,571.6,579.8,582.5,594.6,600.7,600.8,580.8,585.9,590.2,598.7,588.9,607.2,616.2,638.9,617,643.5,659.2,675.3,673.7,697.8,695.4,705.4,724.6,746.8,752.2,770,801.7,839.6,843.5,863.5,902.1,916.2,941.1,967.8,996.1,1022.4,1043.2,1068,1077.9,1095.2,1120.6,1154,1208.8,1230.2,1247.7,1258.7,1301.9,1308.9,1113.6,1231.8,1075.1,1051,1044.1,1038.4,1021.3,1020.8,950.6,1021.3,1012.2,1026.7,1064.3,1091.5,1172.2,1196.3,1225.4,1255.7,1320.3,1351,1358.5,1397.3,1466.3,1495.6,1498.6,1508.3,1534.8,1552.1,1497.2,1444.6,1202.1,1130.8,1135,1140.4,1191.5,1212.9,1255.9,1288.8,1426.1,1445.4,1470.9,1470.4,1467.8,1487.1,1509.5,1571.4,1649.3,1681.9,1674.5,1697.7,1744.4,1757.8,1797.9,1835.8,1904,1940.8,1946.7,1959.6,1922,1945.3,1969.6,1987.4,2001.5,2016,2049.8,2115.8,2074.9,2071.7,2086.5,2077.4
Equals: Disposable personal income,949.9,968.7,995.7,1018.4,1050.7,1064,1084,1114.2,1140.9,1160.4,1228.9,1233.6,1264.2,1293.6,1311.9,1342.3,1372.1,1400,1437.3,1479.2,1528.9,1566.1,1615.1,1656.3,1698.7,1751.8,1783.4,1836,1883.8,1947.1,1977.3,2046.3,2125.8,2178,2217.1,2302.2,2340,2375.3,2412.5,2462.3,2497.2,2541.5,2582.5,2655.8,2732.9,2817.8,2892.4,2953.3,2995.7,3023.1,3107,3121.5,3176.6,3241.3,3279.4,3317.7,3342.8,3405.3,3405.8,3499.6,3577.4,3658.5,3737,3819.6,3894.7,3984.4,4026.2,4076.9,4143.9,4236.3,4304.6,4357.8,4377.8,4411.7,4468.2,4516.8,4587.4,4708.9,4787.2,4840.1,4896.1,4943.7,4992.3,5018.4,5082.4,5134.3,5214.9,5283,5384,5456.6,5503.9,5577,5634.3,5719.2,5810.3,5882.3,5954,6037.2,6106,6194.2,6305.2,6438.4,6538.7,6624.9,6694.9,6773,6825.3,6908.2,7053.4,7248.5,7361.6,7493.3,7561.7,7682.1,7704.7,7887.2,7792.3,7982.7,8097.9,8130.3,8216.4,8293.8,8397,8591.6,8653.7,8765.7,8926.9,9030.4,9222.5,9166.3,9308.9,9436.3,9631.9,9869.2,9973,10070.9,10186.6,10370.4,10481.3,10549.8,10660.8,10780.2,11090.5,10970,10899.4,10787.5,10952.4,10903.4,10984.9,11084.4,11279.7,11380.1,11513.1,11732.1,11821.9,11931.1,12009.2,12317.9,12459.7,12406,12821.2,12351.9,12453.1,12557.5,12658.5,12894.9,13133,13322,13481,13574.6,13744.2,13884.3,13916.8,14015.6,14083.7,14205.9,14355.2,14602.6,14733.5,14880.6,15115.4,15465.4,15653.3,15842,16005.4
Less: Personal outlays,822.2,847,863,881.8,898.4,915.3,944.4,973.9,984.3,1011.8,1040.4,1074.8,1104,1137.3,1157.1,1186.9,1221.1,1258.2,1287,1318.8,1357.8,1388.5,1447.5,1479.8,1520.2,1556.7,1598.3,1653.9,1698.9,1751.3,1753.6,1812.2,1883,1941.4,1975.7,2019.6,2038.8,2082.1,2110.9,2159.3,2221.7,2263.2,2330.6,2403.9,2458.9,2506,2566.5,2607.2,2658.1,2740.5,2789.6,2865.2,2893.3,2940.1,2969.3,3036,3073.2,3102.2,3172.7,3238.6,3273,3355.5,3417.4,3489.6,3565.3,3626.3,3693.9,3751.7,3799.5,3884.5,3930.6,3997.1,4019.8,4028.3,4083.2,4130.5,4158.2,4255.1,4311.2,4388,4462.5,4508.3,4578,4646.1,4713.7,4783.9,4850.1,4925.8,5002.8,5042.6,5124.1,5195.4,5261.6,5337.7,5432.5,5492,5574.5,5658.1,5702.5,5815.8,5905.2,5961.5,6082.6,6181.1,6285.6,6354.8,6484.9,6593.6,6729.1,6892.1,6995.9,7119.9,7224,7298,7347,7376.2,7478.6,7507.2,7593,7678.3,7753.9,7841.5,7929.4,8090.9,8188.3,8328.7,8439.3,8576.7,8745.7,8839.9,9015.1,9199.8,9301.6,9451.7,9582.5,9718.5,9804.5,9951.9,10065.1,10177.4,10301.3,10357.7,10469.9,10497.9,10234.8,10155.4,10158.6,10293.5,10354.6,10434.4,10518.3,10605.8,10735.3,10866.5,10994.3,11087.8,11146.4,11309.1,11353.5,11398,11513.9,11608.6,11625.5,11716.7,11864.9,11976.2,12164.8,12332.5,12474.3,12526.6,12692.8,12827.6,12877.9,12977.5,13138.6,13280.4,13428.6,13576.8,13699.7,13841.8,14090.2,14245.2,14465.9,14655.6,14757.8
    Personal consumption expenditures,800.5,825,840.5,858.9,873.9,891.9,920.4,949.3,959.1,985.2,1013.6,1047.2,1076.2,1109.9,1129.5,1158.8,1192.4,1228.2,1256,1286.9,1324.8,1354.1,1411.4,1442.2,1481.4,1517.1,1557.6,1611.9,1655,1702.3,1704.7,1763.8,1831.9,1885.7,1917.5,1958.1,1974.4,2014.2,2039.6,2085.7,2145.6,2184.6,2249.4,2319.9,2372.5,2418.2,2475.9,2513.5,2561.8,2636,2681.8,2754.1,2779.4,2823.6,2851.5,2917.2,2952.8,2983.5,3053.3,3117.4,3150.9,3231.9,3291.7,3361.9,3434.5,3490.2,3553.8,3609.4,3653.7,3737.9,3783.4,3846.7,3867.9,3873.6,3926.9,3973.3,4000,4100.4,4155.7,4227,4307.2,4349.5,4418.6,4487.2,4552.7,4621.2,4683.2,4752.8,4826.7,4862.4,4933.6,4998.7,5055.7,5130.6,5220.5,5274.5,5352.8,5433.1,5471.3,5579.2,5663.6,5721.3,5832.6,5926.8,6028.2,6102.5,6225.3,6328.9,6459.6,6613.6,6707.5,6815.4,6912.1,6986.9,7036.3,7064.7,7174.7,7209.9,7302.1,7390.9,7467.7,7555.8,7642.6,7802.6,7891.5,8027.7,8133,8264.3,8425.6,8523,8671.4,8849.2,8944.9,9090.7,9210.2,9333,9407.5,9549.4,9644.7,9753.8,9877.8,9934.3,10052.8,10081,9837.3,9756.1,9760.2,9895.4,9957.1,10040.5,10131.8,10220.6,10350.5,10485.4,10612.1,10705.4,10761.6,10922.4,10964.9,11014.2,11125.7,11223.2,11239.6,11330.9,11475.1,11574.2,11756.9,11915.4,12044.5,12091.6,12248,12376.2,12421.3,12523.5,12688.3,12822.4,12959.8,13104.4,13212.5,13345.1,13586.3,13728.4,13939.8,14114.6,14211.9
    Personal interest payments4,18.4,19,19.4,19.8,20.2,20.2,20.6,21.2,21.7,22.9,23.2,23.6,23.8,23.1,23.3,23.6,24.1,25.2,26.1,27,28,29.3,30.7,32.1,33.1,33.9,34.9,36,37.3,42.5,42.2,41.5,43.7,44.9,46.9,49.7,52,54.9,57.6,59.6,61.8,64.4,66.3,68.5,70.5,71.4,73.7,76.5,78.6,86.2,89.5,91.9,94.7,96.3,97.3,97.5,98.1,96.6,96.5,97.4,98.1,98.7,100.2,102.1,104.2,109.1,112.4,114.3,116.5,117.2,117.5,119.2,119.8,120,120.4,120.1,119.3,118.2,117.2,115.3,113.9,114.5,114.4,112.9,113.8,114.1,117.4,122.7,125.2,129.3,139.2,143.7,149.5,151.7,154.7,159.3,162.4,162.7,168,172.5,175.8,174.2,182,183.9,183.6,180.4,185.7,189.3,194.5,201.1,208.3,222.3,227.7,224,222.7,220.5,213,204,197.1,192.1,189.4,189,190.2,191.3,193.1,195.4,198.5,203.5,211.6,220.5,228.4,234.6,238.7,249.2,250.5,262.2,271.8,271.8,288.3,289.7,288.5,279,270.6,269.8,255.8,254.6,254.1,254.1,253.4,248.8,244.4,240.5,237.5,233.4,232.2,231.3,231.4,231.9,232.7,233,232.1,230.5,228.9,228.5,230.2,236.5,239.3,244.6,254.7,255.8,262.2,267.1,271.4,267.4,271.1,275.5,281,286.5,294.8,305.8,310.3,322.3,329.6,341.5,353.4
    Personal current transfer payments,3.3,3,3.1,3.1,4.4,3.3,3.4,3.5,3.6,3.7,3.6,4,4,4.3,4.3,4.4,4.6,4.7,4.8,4.9,4.9,5.1,5.4,5.5,5.8,5.7,5.8,6.1,6.6,6.5,6.7,7,7.4,10.8,11.2,11.7,12.3,13.1,13.7,14.1,14.4,14.2,14.9,15.6,15.9,16.4,17,17.1,17.8,18.3,18.4,19.1,19.2,20.2,20.6,21.2,22.4,22.1,22.9,23.9,24,24.9,25.5,25.6,26.6,27.1,27.7,28.1,29.3,29.3,29.7,31.2,32.1,34.7,35.9,37.2,38.9,36.5,38.4,45.7,41.4,44.3,45,46,47.2,48.6,49.6,50.3,50.9,50.8,51.3,53,56.5,55.5,57.3,58.2,59.3,62.3,63.1,64.2,65.8,65.9,68.1,70.4,73.7,71.9,73.9,75.4,75.1,77.5,80.1,82.2,84.2,87.1,88.1,91,90.9,93.2,93.8,95.2,96.8,96.8,96.6,97,103.7,105.6,107.8,108.9,108.6,96.5,115.3,116,118.1,111.8,121.8,123.3,125.2,130.6,132.1,133.9,135.1,144.5,146.5,147.2,141.7,144.8,144.4,144,144.2,145.1,142.1,144.8,147.3,147.7,150,151.1,153.5,154.8,156,150.7,156,154.9,157,157.2,159.5,165.5,168.6,172.5,175,179.2,182.5,184.3,185.2,186.6,179.3,182.5,187.9,185.9,192.4,191,193.7,194.5,196.4,199.6,192.5
        To government,1.9,1.8,1.8,1.8,1.9,1.9,2,2.1,2.2,2.3,2.4,2.6,2.7,2.8,3,3.1,3.2,3.3,3.4,3.5,3.6,3.7,3.8,3.9,4,4.1,4.3,4.4,4.5,4.6,4.8,5,5.3,5.6,5.9,6.1,6.3,6.7,6.9,7.2,7.5,7.7,8,8.3,8.5,8.8,9.1,9.3,9.5,9.9,10.2,10.6,11,11.3,11.7,12.1,12.7,12.7,12.9,13.5,13.7,14.2,14.8,15.1,15.4,15.9,16.3,16.7,17.1,17.3,17.9,18.7,19.6,20.9,22.1,23.1,24.2,25,25.8,26.4,26.8,28,28.3,28.7,29.2,30.1,30.7,31.2,31.6,31.9,32.3,32.9,33.5,34,34.6,35.2,35.8,37.2,38,38.6,39,39.1,39.3,40,41.1,42.3,43.5,44.7,45.8,46.9,48.1,49.3,50.6,51.5,52.5,53.4,54.3,55.2,56,56.8,57.6,58.5,59.7,61.1,62.7,64.8,66.4,67.7,68.7,70.3,71.2,72.1,73,74.4,74.9,75.5,76.3,78,78.8,79.6,80.3,80.5,81,81.2,81.2,80.6,80.3,79.9,79.5,79.5,79.3,79.3,79.5,80.4,81.5,82.7,84.1,85.2,86.3,86.9,86.8,86.6,86.8,87.5,88.9,90.9,92.6,94.2,95.7,98.9,99.8,100.5,100.7,101.9,101.9,102,102.1,102.8,103.2,103.8,104.6,105.7,106.5,107.3,107.9
        To the rest of the world (net),1.4,1.2,1.2,1.3,2.5,1.4,1.4,1.4,1.3,1.3,1.2,1.5,1.3,1.4,1.3,1.3,1.4,1.4,1.4,1.4,1.3,1.4,1.6,1.6,1.8,1.5,1.5,1.7,2.1,1.9,1.9,2,2.1,5.2,5.4,5.7,6,6.4,6.8,6.9,6.9,6.4,6.9,7.3,7.4,7.6,7.9,7.8,8.2,8.4,8.2,8.5,8.2,8.9,8.9,9.2,9.7,9.5,10,10.4,10.3,10.7,10.7,10.5,11.2,11.1,11.4,11.4,12.2,12.1,11.8,12.5,12.5,13.8,13.8,14.1,14.7,11.5,12.6,19.3,14.5,16.3,16.7,17.3,18,18.5,18.9,19.1,19.3,18.9,18.9,20.2,23,21.4,22.7,22.9,23.5,25.1,25.1,25.6,26.8,26.9,28.7,30.4,32.7,29.6,30.4,30.8,29.3,30.6,32,32.9,33.6,35.6,35.6,37.6,36.6,38,37.8,38.4,39.2,38.3,36.9,35.9,41,40.7,41.4,41.2,39.8,26.2,44.2,44,45.1,37.4,46.9,47.7,48.9,52.6,53.3,54.3,54.8,63.9,65.5,66,60.5,64.2,64.1,64.1,64.7,65.6,62.8,65.5,67.8,67.3,68.5,68.5,69.3,69.6,69.7,63.8,69.2,68.3,70.2,69.6,70.6,74.6,75.9,78.3,79.4,80.3,82.7,83.9,84.4,84.7,77.4,80.5,85.8,83.1,89.1,87.2,89.2,88.8,89.9,92.3,84.5
Equals: Personal saving,127.6,121.7,132.7,136.6,152.3,148.7,139.6,140.2,156.5,148.6,188.5,158.9,160.1,156.3,154.8,155.4,151,141.9,150.4,160.4,171.1,177.6,167.6,176.5,178.5,195,185.1,182.1,184.9,195.8,223.6,234.1,242.9,236.6,241.4,282.6,301.2,293.2,301.6,303,275.5,278.4,251.9,251.8,274,311.8,325.9,346.1,337.6,282.7,317.3,256.4,283.3,301.2,310,281.7,269.5,303,233.2,260.9,304.4,303,319.6,330,329.4,358,332.3,325.2,344.4,351.9,374,360.7,357.9,383.4,384.9,386.3,429.1,453.8,476,452.1,433.5,435.4,414.3,372.3,368.7,350.4,364.8,357.2,381.2,414,379.9,381.6,372.7,381.5,377.8,390.4,379.4,379.1,403.6,378.4,400,476.9,456.1,443.8,409.3,418.1,340.4,314.6,324.3,356.3,365.7,373.3,337.7,384.1,357.7,511,313.7,475.5,504.8,452,462.5,452.2,467.6,500.8,465.4,437,487.6,453.7,476.8,326.3,293.8,236.4,330.2,417.5,390.4,352.4,382.1,418.6,416.2,372.4,359.4,422.4,620.6,472,664.7,632.1,793.8,609.8,630.3,650,761.4,774.2,777.8,865.7,827.7,843.3,862.7,1008.9,1106.1,1008,1307.3,743.2,827.7,840.9,793.6,918.6,968.2,989.5,1006.7,1048,1051.5,1056.7,1038.9,1038.1,945.1,925.5,926.5,1025.8,1033.9,1038.8,1025.2,1220.2,1187.4,1186.4,1247.6
    Personal saving as a percentage of disposable personal income,13.4,12.6,13.3,13.4,14.5,14,12.9,12.6,13.7,12.8,15.3,12.9,12.7,12.1,11.8,11.6,11,10.1,10.5,10.8,11.2,11.3,10.4,10.7,10.5,11.1,10.4,9.9,9.8,10.1,11.3,11.4,11.4,10.9,10.9,12.3,12.9,12.3,12.5,12.3,11,11,9.8,9.5,10,11.1,11.3,11.7,11.3,9.3,10.2,8.2,8.9,9.3,9.5,8.5,8.1,8.9,6.8,7.5,8.5,8.3,8.6,8.6,8.5,9,8.3,8,8.3,8.3,8.7,8.3,8.2,8.7,8.6,8.6,9.4,9.6,9.9,9.3,8.9,8.8,8.3,7.4,7.3,6.8,7,6.8,7.1,7.6,6.9,6.8,6.6,6.7,6.5,6.6,6.4,6.3,6.6,6.1,6.3,7.4,7,6.7,6.1,6.2,5,4.6,4.6,4.9,5,5,4.5,5,4.6,6.5,4,6,6.2,5.6,5.6,5.5,5.6,5.8,5.4,5,5.5,5,5.2,3.6,3.2,2.5,3.4,4.2,3.9,3.5,3.8,4,4,3.5,3.4,3.9,5.6,4.3,6.1,5.9,7.2,5.6,5.7,5.9,6.8,6.8,6.8,7.4,7,7.1,7.2,8.2,8.9,8.1,10.2,6,6.6,6.7,6.3,7.1,7.4,7.4,7.5,7.7,7.7,7.6,7.5,7.4,6.7,6.5,6.5,7,7,7,6.8,7.9,7.6,7.5,7.8
Addenda:,,,,,,,,,,,,,,,,,,,,,,,,,,,,,,,,,,,,,,,,,,,,,,,,,,,,,,,,,,,,,,,,,,,,,,,,,,,,,,,,,,,,,,,,,,,,,,,,,,,,,,,,,,,,,,,,,,,,,,,,,,,,,,,,,,,,,,,,,,,,,,,,,,,,,,,,,,,,,,,,,,,,,,,,,,,,,,,,,,,,,,,,,
"    Personal income excluding current transfer receipts, billions of chained (2012) dollars5",4247.3,4263.1,4298.7,4329.2,4384.9,4300.7,4251.8,4249.1,4225.4,4177.9,4184.1,4223.3,4268.1,4320.6,4374.8,4410.1,4453.5,4476.5,4539,4594.6,4704.1,4738.9,4815.7,4864.7,4916.7,4976.1,4939.6,4952,4969.6,4956.9,4917.8,4918,5016.2,5020.8,5044.3,5140.8,5130.6,5130.7,5156.9,5126.2,5123.4,5154.9,5196.7,5256.8,5387.3,5494.2,5596.8,5693,5746.5,5780.7,5805.1,5839.1,5909.4,5959.5,6031.1,6075.5,6112.1,6149.3,6192.2,6258.6,6368.7,6421.1,6473.2,6540.3,6607.5,6700.7,6691.3,6728.3,6780.1,6802.7,6851.7,6843.8,6758.5,6707.5,6735.3,6756.4,6784.9,6868.3,6939.3,6969.4,7030.6,6997.7,7053.9,7063.7,7132.2,7159.1,7262.2,7297.6,7390.3,7446.7,7487.3,7556.3,7633.1,7710.1,7807.2,7883.7,7953,8058.3,8149.7,8271.3,8419.9,8619.3,8763.8,8874.5,8962.3,9030.1,9068.1,9144.8,9309.5,9534.5,9629.8,9742.4,9773.2,9856.7,9807.9,9780.1,9749.4,9742.5,9754.3,9726.2,9762.7,9746.1,9848.9,9914.6,10026.9,10026.9,10145,10249.8,10395.8,10316.7,10419.8,10471.1,10635.9,10866.8,10914.7,10925.5,11108.1,11205.5,11265.2,11255.6,11244,11263.6,11129.8,11048.8,11100.4,10667.5,10571.4,10453.8,10448.3,10454.3,10661.3,10766.2,10859.2,11120.1,11123.1,11215.8,11248.7,11498.6,11610.1,11543.7,11934.1,11485.1,11596.4,11627.3,11693.5,11885.4,12022.2,12172,12350.6,12517.9,12621.4,12710.6,12747.3,12773.2,12764.9,12834.8,12917.8,13080.6,13184.2,13268.6,13447.6,13599.1,13670.5,13785.6,13863.6
    Disposable personal income:,,,,,,,,,,,,,,,,,,,,,,,,,,,,,,,,,,,,,,,,,,,,,,,,,,,,,,,,,,,,,,,,,,,,,,,,,,,,,,,,,,,,,,,,,,,,,,,,,,,,,,,,,,,,,,,,,,,,,,,,,,,,,,,,,,,,,,,,,,,,,,,,,,,,,,,,,,,,,,,,,,,,,,,,,,,,,,,,,,,,,,,,,
"        Total, billions of chained (2012) dollars5",4156.6,4188.1,4223.5,4242.6,4289,4217.8,4178.5,4182.3,4176.7,4170.5,4363.4,4299.9,4333.5,4385.9,4410.8,4445.2,4473.4,4483.5,4525.6,4588.5,4676.2,4712.9,4762.7,4799.8,4831.4,4889.8,4845.6,4867.6,4876.2,4893.1,4850.1,4904.5,4972.1,4965.1,4970.9,5078.1,5083.7,5095.9,5126.7,5151.3,5167.5,5216.2,5252.4,5331.2,5449.9,5558.8,5651.1,5725.7,5772.5,5757.4,5869.5,5851.1,5913,5990.8,6067.4,6106.1,6115.4,6171.7,6114,6223.4,6307.3,6399.9,6465.8,6528.3,6589.8,6664.9,6645.2,6689.4,6746,6797.8,6845.1,6842.7,6784.3,6801.3,6851,6879,6936.2,7075.8,7146,7179.1,7211.8,7238.8,7261.2,7267.5,7318,7366.3,7440.5,7483.9,7591.3,7656.2,7677.9,7748.3,7793.5,7867.3,7939.5,8003.8,8046.4,8123,8195,8291.5,8413.6,8590.7,8708.8,8796.5,8866.2,8946.3,8966.5,9027.7,9163.2,9338.7,9442,9551.6,9585.7,9672.6,9655.7,9878.5,9753.7,9973.5,10041.1,10032.3,10091.9,10115.6,10238.9,10411.9,10439.3,10487.4,10607.6,10676.9,10811.7,10684.9,10786.5,10818.3,10956.9,11170.1,11197.4,11226.4,11374.5,11471.4,11500.8,11511,11518.8,11550.8,11762.2,11515,11615.3,11565.5,11689.8,11557.6,11554.8,11619.8,11811.2,11895.3,11962,12083.9,12057.6,12110.2,12147.9,12375.3,12487.8,12398.4,12741.9,12231.9,12323,12376.3,12425.2,12598.3,12769.9,12919,13089.7,13238.4,13338,13436,13478.6,13568.7,13554.3,13615,13696.7,13860.9,13953.4,14034.5,14162.4,14400.3,14495.9,14613.3,14715.2
        Per capita:,,,,,,,,,,,,,,,,,,,,,,,,,,,,,,,,,,,,,,,,,,,,,,,,,,,,,,,,,,,,,,,,,,,,,,,,,,,,,,,,,,,,,,,,,,,,,,,,,,,,,,,,,,,,,,,,,,,,,,,,,,,,,,,,,,,,,,,,,,,,,,,,,,,,,,,,,,,,,,,,,,,,,,,,,,,,,,,,,,,,,,,,,
            Current dollars,4507,4587,4704,4800,4940,4992,5075,5203,5314,5394,5698,5704,5830,5953,6024,6148,6268,6380,6535,6706,6912,7063,7266,7430,7598,7815,7936,8145,8331,8587,8696,8972,9296,9504,9653,9997,10134,10265,10403,10591,10714,10882,11035,11320,11622,11960,12252,12479,12628,12720,13045,13072,13270,13513,13643,13768,13839,14071,14044,14394,14678,14981,15271,15568,15834,16166,16299,16459,16684,17018,17238,17390,17408,17489,17656,17785,18001,18424,18668,18805,18957,19085,19214,19249,19432,19578,19827,20021,20342,20561,20680,20888,21038,21302,21579,21776,21971,22220,22409,22657,22991,23417,23716,23954,24134,24354,24475,24694,25138,25767,26105,26500,26671,27034,27050,27618,27216,27820,28159,28201,28430,28638,28930,29527,29670,29995,30480,30757,31333,31077,31493,31843,32421,33147,33421,33662,33961,34498,34789,34926,35204,35520,36463,35979,35664,35226,35691,35450,35632,35883,36449,36702,37057,37701,37927,38202,38378,39301,39689,39442,40685,39138,39399,39652,39892,40571,41251,41761,42174,42400,42859,43211,43227,43463,43603,43899,44281,44980,45319,45693,46335,47343,47849,48343,48762
            Chained (2012) dollars,19724,19831,19954,19994,20164,19788,19562,19530,19454,19385,20233,19880,19984,20182,20254,20359,20434,20433,20575,20803,21140,21256,21427,21530,21609,21815,21561,21594,21565,21579,21329,21505,21742,21667,21643,22050,22016,22023,22107,22156,22171,22335,22443,22724,23176,23594,23937,24194,24333,24224,24644,24503,24701,24976,25242,25341,25318,25502,25210,25598,25879,26207,26421,26607,26792,27042,26902,27006,27161,27307,27412,27306,26977,26962,27072,27086,27218,27685,27866,27892,27923,27945,27946,27875,27980,28089,28289,28362,28681,28849,28849,29020,29100,29302,29487,29630,29692,29896,30075,30328,30679,31245,31588,31807,31962,32169,32154,32270,32657,33198,33482,33779,33810,34038,33899,34591,34067,34759,34916,34798,34919,34929,35276,35783,35792,35887,36219,36365,36733,36225,36491,36506,36881,37517,37524,37524,37922,38161,38173,38108,38037,38060,38671,37766,38006,37767,38094,37577,37481,37616,38167,38363,38502,38831,38683,38775,38821,39484,39779,39418,40433,38758,38987,39080,39157,39638,40110,40497,40950,41350,41592,41816,41866,42077,41964,42073,42249,42695,42919,43095,43414,44082,44311,44594,44831
"    Population (midperiod, thousands)",210737,211192,211663,212191,212708,213144,213602,214147,214700,215135,215652,216289,216848,217314,217776,218338,218917,219427,219956,220573,221201,221719,222281,222933,223583,224152,224737,225418,226117,226754,227389,228070,228689,229155,229674,230301,230903,231395,231906,232498,233074,233546,234028,234603,235153,235605,236082,236657,237232,237673,238176,238789,239387,239861,240368,240962,241539,242009,242520,243120,243721,244208,244716,245354,245966,246460,247017,247698,248374,248936,249711,250595,251482,252258,253063,253965,254835,255585,256439,257386,258277,259039,259826,260714,261547,262250,263020,263870,264678,265388,266142,267000,267820,268487,269251,270128,270991,271709,272487,273391,274246,274950,275703,276564,277400,278103,278864,279751,280592,281304,282002,282769,283518,284169,284838,285584,286311,286935,287574,288303,289007,289609,290253,290974,291669,292237,292875,293603,294334,294957,295588,296340,297086,297736,298408,299180,299946,300609,301284,302062,302829,303494,304160,304902,305616,306237,306866,307573,308285,308901,309462,310069,310686,311192,311705,312318,312918,313421,313929,314534,315136,315595,316081,316692,317316,317838,318370,319009,319651,320157,320683,321315,321947,322476,322998,323606,324187,324648,325107,325667,326218,326670,327138,327697,328237
    Percent change from preceding period:,,,,,,,,,,,,,,,,,,,,,,,,,,,,,,,,,,,,,,,,,,,,,,,,,,,,,,,,,,,,,,,,,,,,,,,,,,,,,,,,,,,,,,,,,,,,,,,,,,,,,,,,,,,,,,,,,,,,,,,,,,,,,,,,,,,,,,,,,,,,,,,,,,,,,,,,,,,,,,,,,,,,,,,,,,,,,,,,,,,,,,,,,
"        Disposable personal income, current dollars",20.9,8.2,11.6,9.5,13.3,5.2,7.7,11.6,9.9,7,25.8,1.6,10.3,9.6,5.8,9.6,9.2,8.4,11.1,12.2,14.1,10.1,13.1,10.6,10.6,13.1,7.4,12.3,10.8,14.1,6.3,14.7,16.5,10.2,7.4,16.3,6.7,6.2,6.4,8.5,5.8,7.3,6.6,11.8,12.1,13,11,8.7,5.9,3.7,11.6,1.9,7.2,8.4,4.8,4.8,3.1,7.7,0.1,11.5,9.2,9.4,8.9,9.1,8.1,9.5,4.3,5.1,6.7,9.2,6.6,5,1.8,3.1,5.2,4.4,6.4,11,6.8,4.5,4.7,3.9,4,2.1,5.2,4.1,6.4,5.3,7.9,5.5,3.5,5.4,4.2,6.2,6.5,5.1,5,5.7,4.6,5.9,7.4,8.7,6.4,5.4,4.3,4.7,3.1,5,8.7,11.5,6.4,7.3,3.7,6.5,1.2,9.8,-4.7,10.1,5.9,1.6,4.3,3.8,5.1,9.6,2.9,5.3,7.6,4.7,8.8,-2.4,6.4,5.6,8.6,10.2,4.3,4,4.7,7.4,4.3,2.6,4.3,4.6,12,-4.3,-2.5,-4,6.3,-1.8,3,3.7,7.2,3.6,4.8,7.8,3.1,3.7,2.6,10.7,4.7,-1.7,14.1,-13.9,3.3,3.4,3.3,7.7,7.6,5.9,4.9,2.8,5.1,4.1,0.9,2.9,2,3.5,4.3,7.1,3.6,4.1,6.5,9.6,4.9,4.9,4.2
"        Disposable personal income, chained (2012) dollars",17,3.1,3.4,1.8,4.4,-6.5,-3.7,0.4,-0.5,-0.6,19.8,-5.7,3.2,4.9,2.3,3.2,2.6,0.9,3.8,5.7,7.9,3.2,4.3,3.1,2.7,4.9,-3.6,1.8,0.7,1.4,-3.5,4.6,5.6,-0.6,0.5,8.9,0.4,1,2.4,1.9,1.3,3.8,2.8,6.1,9.2,8.2,6.8,5.4,3.3,-1,8,-1.2,4.3,5.4,5.2,2.6,0.6,3.7,-3.7,7.4,5.5,6,4.2,3.9,3.8,4.6,-1.2,2.7,3.4,3.1,2.8,-0.1,-3.4,1,3,1.6,3.4,8.3,4,1.9,1.8,1.5,1.2,0.3,2.8,2.7,4.1,2.4,5.9,3.5,1.1,3.7,2.4,3.8,3.7,3.3,2.1,3.9,3.6,4.8,6,8.7,5.6,4.1,3.2,3.7,0.9,2.8,6.1,7.9,4.5,4.7,1.4,3.7,-0.7,9.6,-5,9.3,2.7,-0.3,2.4,0.9,5,6.9,1.1,1.9,4.7,2.6,5.1,-4.6,3.9,1.2,5.2,8,1,1,5.4,3.5,1,0.4,0.3,1.1,7.5,-8.1,3.5,-1.7,4.4,-4.4,-0.1,2.3,6.8,2.9,2.3,4.1,-0.9,1.8,1.2,7.7,3.7,-2.8,11.6,-15.1,3,1.7,1.6,5.7,5.6,4.8,5.4,4.6,3,3,1.3,2.7,-0.4,1.8,2.4,4.9,2.7,2.3,3.7,6.9,2.7,3.3,2.8
