Date,SP,Energy,INDPRO,CPI,SSTA,Alico,ArcherDaniels,Conagra,Agrium,Ingredion,Hormel,Tyson,Andersons,Bunge,Monsanto,Potash,Mosaic,Altria
1/2/1990,329.079987,22.86,64.001,127.5,0.02,18.257092,4.386987,24.25,,,1.152624,6.591517,,,,0.332487,12.080336,0.778353
2/1/1990,331.890015,22.11,64.6509,128,0.36,18.897692,4.606337,26.375,,,1.152624,7.432267,,,,0.38852,12.968596,0.760371
3/1/1990,339.940002,20.39,64.9757,128.6,0.2,20.178892,4.990198,28.125,,,1.180968,7.634048,,,,0.377314,12.436056,0.821658
4/2/1990,330.799988,18.43,64.8976,128.9,0.26,17.616493,5.160258,27.875,,,1.16693,7.936719,,,,0.371351,11.13877,0.870906
5/1/1990,361.230011,18.2,65.0068,129.1,0.32,18.417242,5.819015,31.250002,,,1.328212,9.113781,,,,0.378925,11.80978,0.873498
6/1/1990,358.019989,16.7,65.2286,129.9,0,18.337168,5.626877,35.375,,,1.394623,8.306657,,,,0.382717,12.671254,0.971772
7/2/1990,356.149994,18.45,65.1543,130.5,0.15,18.257092,5.522552,34.5,,,1.295219,7.936719,,,,0.384576,12.806535,1.000507
8/1/1990,322.559998,27.31,65.3528,131.6,0.17,14.813869,5.308255,33.125,,,1.133317,7.66768,,,,0.369197,11.634106,0.943037
9/4/1990,306.049988,33.51,65.4459,132.5,0.12,12.972144,5.423653,33.25,,,1.123793,6.99508,,,,0.369197,12.186279,0.954721
10/1/1990,304,36.04,64.945,133.4,0.13,12.582654,5.13516,33,,,1.138559,7.264118,,,,0.374941,12.550049,0.994282
11/1/1990,322.220001,32.33,64.1877,133.7,0.08,11.93739,5.342846,34.875,,,1.329914,8.104876,,,,0.386656,12.640991,1.02593
12/3/1990,330.220001,27.28,63.7612,134.2,0.32,12.098706,5.256206,37,,,1.463862,8.340281,,,,0.433521,12.783005,1.101194
1/2/1991,343.929993,25.23,63.4795,134.7,0.51,11.614758,4.713226,38.875,,,1.355075,8.979258,,,,0.431254,14.02007,1.18365
2/1/1991,367.070007,20.48,63.049,134.8,0.32,14.518447,5.146959,41.875,,,1.489621,10.223577,,,,0.458955,14.065887,1.404421
3/1/1991,375.220001,19.9,62.7082,134.8,0.1,14.518447,5.089128,45,,,1.691441,10.492616,,,,0.458955,16.00528,1.456221
4/1/1991,375.339996,20.83,62.8463,135.1,0.21,13.55055,5.291536,43.625,,,1.745481,11.636044,,,,0.5282,15.267283,1.429453
5/1/1991,389.829987,21.23,63.4638,135.6,0.44,14.195815,5.21036,45.75,,,1.52368,11.978116,,,,0.512193,15.313408,1.464252
6/3/1991,371.160004,20.19,64.0488,136,0.65,13.389235,5.470878,41.75,,,1.494749,11.103312,,,,0.516192,17.129816,1.368738
7/1/1991,387.809998,21.4,64.1013,136.2,0.62,13.066603,5.789288,45,,,1.509988,9.959332,,,,0.533895,19.033129,1.460346
8/1/1991,395.429993,21.69,64.1515,136.6,0.43,15.325027,6.614923,48,,,1.568064,10.363089,,,,0.533895,20.379375,1.597759
9/3/1991,387.859985,21.89,64.7177,137,0.22,14.034499,6.582812,46.25,,,1.655179,10.497677,,,,0.546027,20.38871,1.565814
10/1/1991,392.450012,23.23,64.6012,137.2,0.91,13.002807,7.03237,42.5,,,1.515747,10.901434,,,,0.612958,17.729313,1.522395
11/1/1991,375.220001,22.46,64.5274,137.8,1.14,13.815482,7.03871,45.25,,,1.583761,10.09392,,,,0.568008,18.382498,1.470834
12/2/1991,417.089996,19.5,64.2613,138.2,1.62,13.978018,8.51716,35.5,,,1.661492,10.834144,,,,0.588438,21.291887,1.755637
1/2/1992,408.779999,18.79,63.8916,138.3,1.61,14.628158,7.649374,33.25,,,1.668819,9.757453,,,,0.643299,23.589911,1.670863
2/3/1992,412.700012,19.01,64.3381,138.6,1.62,17.066185,7.559304,27.875,,,1.473635,9.89762,,,,0.672164,23.63681,1.679067
3/2/1992,403.690002,18.92,64.902,139.1,1.5,16.578579,6.787291,27.75,,,1.366284,9.089652,,,,0.647426,20.354673,1.668951
4/1/1992,414.950012,20.23,65.3746,139.4,1.41,15.765903,6.240447,25.625,,,1.432367,8.483675,,,,0.669803,18.799803,1.71577
5/1/1992,415.350006,20.98,65.5902,139.7,1.27,13.652947,6.633399,25.875,,,1.451988,10.037501,,,,0.707246,17.339167,1.707508
6/1/1992,408.140015,22.39,65.6132,140.1,0.53,14.384356,6.085983,26.125,,,1.569717,9.229113,,,,0.715561,16.254862,1.630624
7/1/1992,424.209991,21.78,66.1891,140.5,0.27,14.303087,7.019811,27.499998,,,1.616012,10.77852,,,,0.734229,17.107887,1.772056
8/3/1992,414.029999,21.34,65.8651,140.8,-0.15,13.734215,6.639464,29,,,1.606158,10.716452,,,,0.746813,16.444424,1.8192
9/1/1992,417.799988,21.88,66.0268,141.1,-0.14,13.165342,6.741089,30.749998,,,1.586451,12.064435,,,,0.717445,15.923893,1.894677
10/1/1992,418.679993,21.69,66.511,141.7,-0.35,13.59499,7.147587,29.875,,,1.682852,11.255647,,,,0.727952,16.496008,1.699061
11/2/1992,431.350006,20.34,66.8027,142.1,-0.14,13.103604,7.391715,31.999998,,,1.841238,12.743967,,,,0.681403,14.493603,1.780102
12/1/1992,435.709991,19.41,66.8587,142.3,0.04,13.758784,7.188273,33.125,,,1.861036,13.081111,,,,0.685632,16.366402,1.738031
1/4/1993,438.779999,19.03,67.1432,142.8,0.28,13.431194,7.120459,31.25,,,1.899578,12.743967,,,,0.674813,16.654373,1.68451
2/1/1993,443.380005,20.09,67.4314,143.1,0.42,12.776014,7.195124,27.875,,,1.899578,13.356449,,,,0.662002,14.542579,1.512679
3/1/1993,451.670013,20.32,67.3651,143.3,0.47,12.284629,6.991488,27.499998,,,1.839905,12.546967,,,,0.65346,12.424551,1.45674
4/1/1993,440.190002,20.25,67.5583,143.8,0.92,12.284629,6.787852,24.5,,,1.69922,12.00731,,,,0.642461,13.633164,1.069794
5/3/1993,450.190002,19.95,67.3459,144.2,0.93,12.448424,6.488885,25.124998,,,1.639248,13.019162,,,,0.664019,12.182828,1.146614
6/1/1993,450.529999,19.09,67.4753,144.3,0.64,12.120834,6.420939,25.249998,,,1.689225,11.872401,,,,0.685582,11.36097,1.112859
7/1/1993,448.130005,17.89,67.6707,144.5,0.33,12.284629,6.386966,23.999998,,,1.678076,11.130374,,,,0.700511,11.554349,1.086912
8/2/1993,463.559998,18.01,67.5985,144.8,0.16,12.448424,6.91606,24.25,,,1.728318,11.810533,,,,0.683106,11.022559,1.124391
9/1/1993,458.929993,17.5,67.9241,145,0.26,12.448424,6.728125,26,,,1.748415,11.540581,,,,0.643947,13.246408,1.07253
10/1/1993,467.829987,18.15,68.439,145.6,0.36,12.544924,6.91606,26.75,,,1.827945,12.485426,,,,0.680769,14.068266,1.256643
11/1/1993,461.790009,16.61,68.7289,146,0.28,12.379859,6.697816,26.75,,,1.77745,12.822865,,,,0.729082,14.841779,1.309246
12/1/1993,466.450012,14.52,69.0884,146.3,0.19,13.535312,6.84833,26.374998,,,1.787549,12.957845,,,,0.90037,17.549074,1.315751
1/3/1994,481.609985,15.03,69.3476,146.3,0.03,14.195571,7.984672,26.249998,,,1.70664,12.350446,,,,1.007668,16.87225,1.425151
2/1/1994,467.140015,14.78,69.3617,146.7,-0.16,14.030506,7.721027,27.374998,,,1.726957,11.608067,,,,0.910441,17.790796,1.324622
3/1/1994,445.769989,14.68,70.0831,147.1,-0.06,12.214794,7.231401,26.75,,,1.56442,10.663229,,,,0.897178,15.276879,1.21242
4/4/1994,450.910004,16.42,70.4425,147.2,0.03,12.627456,6.930093,28.124998,,,1.574582,10.528249,,,,0.908379,14.309989,1.305223
5/2/1994,456.5,17.89,70.824,147.5,0.14,11.884665,7.276974,28.75,,,1.666603,11.641813,,,,0.921735,13.294753,1.17949
6/1/1994,444.269989,19.06,71.2811,147.9,0.27,10.894276,7.050747,30.5,,,1.707501,12.620399,,,,0.975167,13.391442,1.250504
7/1/1994,458.26001,19.66,71.3953,148.4,0.16,10.894276,7.427792,31.75,,,1.8402,13.025331,,,,1.147076,15.083502,1.33549
8/1/1994,475.48999,18.38,71.8011,149,0.52,11.472002,8.171149,32.75,,,1.891602,13.1038,,,,1.22773,15.518602,1.48118
9/1/1994,462.709991,17.45,72.0617,149.3,0.4,10.894276,8.250482,31.499998,,,1.85048,12.968706,,,,1.469691,17.210663,1.504479
10/3/1994,472.350006,17.72,72.6829,149.4,0.9,11.391933,9.095378,31.125,,,2.025863,12.563434,,,,1.281188,16.437149,1.507556
11/1/1994,453.690002,18.07,73.1379,149.8,1.14,11.559462,8.777636,30.874998,,,2.056871,12.304129,,,,1.290243,14.696745,1.470636
12/1/1994,459.269989,17.16,73.8818,150.1,1.21,11.559462,9.830157,31.25,,,2.046535,11.492867,,,,1.231388,16.960035,1.435904
1/3/1995,470.420013,18.04,74.0142,150.5,1.1,10.72182,9.603932,30.874998,,,2.089243,13.047779,,,,1.284761,17.686895,1.492091
2/1/1995,487.390015,18.57,73.9247,150.9,0.87,11.224405,9.007415,32.75,,,2.224368,13.328866,,,,1.312196,18.123011,1.517063
3/1/1995,500.709991,18.54,74.0284,151.2,0.49,10.554292,8.888111,33.125,,,2.255551,13.058224,,,,1.632242,19.22913,1.654179
4/3/1995,514.710022,19.9,74.014,151.8,0.27,10.889348,8.709156,33.218697,,,2.287882,12.855247,,,,1.957488,19.083456,1.714273
5/1/1995,533.400024,19.74,74.2239,152.1,0.03,11.140641,8.840572,33.375,7.299957,,2.058049,12.121425,,,,1.76404,17.481028,1.843951
6/1/1995,544.75,18.45,74.4807,152.4,0.08,11.894519,8.900306,34.875,8.764807,,2.183412,12.52773,,,,2.058819,21.066303,1.90403
7/3/1995,562.059998,17.33,74.1902,152.6,0.03,11.894519,7.884835,37.75,8.999504,,2.070119,13.441915,,,,2.219691,23.450251,1.833629
8/1/1995,561.880005,18.02,75.1211,152.9,-0.38,12.062047,8.365612,38,8.837645,,2.028086,13.960689,,,,2.108473,24.617897,1.91043
9/1/1995,584.409973,18.23,75.4216,153.1,-0.57,11.852637,7.736618,39.625,9.452722,,2.217234,14.570621,,,,2.307734,24.704926,2.166326
10/2/1995,581.5,17.43,75.3448,153.5,-0.72,11.959538,8.051115,39,10.618125,,1.945207,12.944134,,,,2.59396,27.287493,2.185784
11/1/1995,605.369995,17.99,75.531,153.7,-0.78,14.949421,8.707317,39.875,10.877102,,2.072068,12.892391,,,,2.57533,30.162424,2.276588
12/1/1995,615.929993,19.03,75.8317,153.9,-0.72,17.939306,9.085896,41.249996,11.654037,,2.08264,14.181636,,,,2.640527,31.835325,2.367573
1/2/1996,636.02002,18.86,75.3347,154.7,-0.65,15.547399,9.615974,45.875,10.682867,,2.073755,14.113775,,,,2.67414,29.393967,2.433156
2/1/1996,640.429993,19.09,76.5148,155,-0.66,16.743353,9.742499,42.125,12.018226,,2.137563,12.229293,2.826784,,,2.781854,32.225945,2.597116
3/1/1996,645.5,21.33,76.4339,155.5,-0.48,15.376548,9.29966,40.625,9.978769,,2.233275,12.636936,2.703885,,,2.341626,28.573315,2.324697
4/1/1996,654.169983,23.5,77.1163,156.1,-0.34,15.376548,9.552711,38.25,10.003049,,2.277775,13.520161,2.580979,,,2.669914,28.866877,2.387616
5/1/1996,669.119995,21.17,77.695,156.4,-0.4,15.376548,9.895238,42.625,10.112302,,2.031818,13.332665,2.458073,,,2.505101,28.671169,2.632669
6/3/1996,670.630005,20.42,78.3435,156.7,-0.12,13.326342,9.704946,45.374996,10.20848,,2.288468,14.897216,2.212268,,,2.49569,29.51697,2.782043
7/1/1996,639.950012,21.3,78.208,157,-0.14,13.155491,9.007204,42.499996,9.831286,,1.937312,13.400694,2.242996,,,2.560533,30.987915,2.798762
8/1/1996,651.98999,21.9,78.6658,157.2,-0.3,14.180594,9.483684,42.125,10.90202,,1.829684,13.212478,2.150818,,,2.877643,33.733681,2.40085
9/3/1996,687.330017,23.97,79.1997,157.7,-0.34,13.838893,10.285121,49.249996,10.573496,,2.012652,14.540536,2.150818,,,2.768787,30.753187,2.432579
10/1/1996,705.27002,24.88,79.1389,158.2,-0.28,14.368652,11.687637,49.874996,10.415323,,2.047175,16.07291,2.212268,,,2.696985,29.475899,2.503726
11/1/1996,757.02002,23.71,79.8221,158.7,-0.3,14.110533,11.78046,53.124996,10.362685,,2.252976,17.859583,1.782107,,,2.868222,28.395117,2.798482
12/2/1996,740.73999,25.23,80.3307,159.1,-0.43,12.905975,11.78046,49.75,10.75373,,2.328797,18.67758,2.250604,,,3.234478,30.819824,3.094011
1/2/1997,786.159973,25.13,80.4255,159.4,-0.43,13.422215,10.575641,50.499996,11.829103,,2.091737,18.473082,2.219771,,,3.214581,30.032097,3.254872
2/3/1997,790.820007,22.18,81.4045,159.7,-0.24,12.905975,9.93193,53,10.75373,,2.287838,16.583935,2.312262,,,3.004419,27.471983,3.70323
3/3/1997,757.119995,20.97,81.9717,159.8,-0.06,13.594294,9.596392,54.25,9.971641,,2.276943,15.867346,2.288753,,,2.904108,28.522783,3.152225
4/1/1997,801.340027,19.7,82.0209,159.9,0.34,12.561815,9.864821,57.624996,10.069402,,2.148002,16.379196,2.257829,,,2.951546,29.016256,3.262708
5/1/1997,848.280029,20.82,82.5095,159.9,0.87,13.594294,10.764965,60.375,10.558208,,2.213757,16.809956,2.226897,,,3.153118,30.891457,3.645947
6/2/1997,885.140015,19.26,82.9253,160.2,1.15,13.508254,12.648833,64.1875,9.035441,,2.356227,15.682458,2.203362,,,2.88196,27.691515,3.700991
7/1/1997,954.309998,19.66,83.5464,160.4,1.6,14.110533,12.110586,70.375,9.133653,,2.490885,17.219954,2.079233,,,2.931794,24.971813,3.774174
8/1/1997,899.469971,19.95,84.434,160.8,1.94,16.519648,12.248798,64.4375,9.477392,,2.623144,17.445721,2.172333,,,2.852233,27.839863,3.653944
9/2/1997,947.280029,19.8,85.1978,161.2,2.1,17.035887,13.558641,66.1875,9.428287,,2.827044,19.241604,2.27261,,,3.028236,27.950575,3.508335
10/1/1997,914.619995,21.33,85.9177,161.5,2.29,17.104294,12.60281,30.874998,8.789913,,2.663655,15.495906,2.334871,,,3.174465,26.711632,3.344789
11/3/1997,955.400024,20.19,86.6748,161.7,2.42,17.148376,12.380802,36,7.955117,,2.702419,14.900447,2.303736,,,3.048556,25.039955,3.671881
12/1/1997,970.429993,18.33,86.9454,161.8,2.3,16.398962,12.561808,33.125,9.625429,11.250671,2.901778,16.852919,2.217839,,,3.215631,26.033604,3.853858
1/2/1998,980.280029,16.72,87.3838,162,2.42,15.517297,12.199796,31.75,9.67479,12.076193,2.960655,14.849066,2.092895,,,3.310281,25.636145,3.534477
2/2/1998,1049.339966,16.06,87.482,162,2.08,14.988298,13.026084,30,10.51393,12.547919,3.305694,16.052299,2.217839,,,3.478111,30.355976,3.704813
3/2/1998,1101.75,15.12,87.552,162,1.49,15.252798,12.735808,32.125,11.155625,13.538545,3.455952,15.846501,2.287738,,,3.536483,30.322285,3.582604
4/1/1998,1111.75,15.35,87.854,162.2,0.9,14.856049,12.481818,29.1875,12.24157,13.444199,3.041724,15.897951,2.444429,,,3.490153,28.679205,3.190505
5/1/1998,1090.819946,14.91,88.4226,162.6,0.68,14.635633,11.020247,29.249998,11.106264,12.925301,3.008176,17.410658,2.554113,,,3.363147,25.890949,3.21199
6/1/1998,1133.839966,13.72,87.8558,162.8,-0.39,14.459299,11.274839,31.687498,10.010639,12.783782,3.092047,17.874256,2.608574,,,2.95283,24.062819,3.419512
7/1/1998,1120.670044,14.17,87.5421,163.2,-0.73,13.930301,9.965504,25.875,9.465506,11.227085,2.915866,17.822744,2.750003,,,2.866305,20.418449,3.804886
8/3/1998,957.280029,13.47,89.3341,163.4,-0.83,12.431471,9.193148,24.75,6.690279,8.939213,2.477643,13.617384,2.577151,,,1.943588,14.677321,3.609485
9/1/1998,1017.01001,15.03,89.1794,163.5,-0.82,11.902472,10.265681,26.9375,6.739836,9.559539,2.432697,16.402758,2.6819,,,2.058924,15.534571,4.058095
10/1/1998,1098.670044,14.46,89.8907,163.9,-1.19,12.456267,10.227376,30.625,8.32568,10.789974,2.941869,18.981808,2.650345,,,2.73052,20.846392,4.485839
11/2/1998,1163.630005,13,89.8458,164.1,-1.23,12.365346,11.295071,31.4375,7.780546,10.624339,2.670833,17.091938,2.808101,,,2.436726,18.340815,4.908101
12/1/1998,1229.22998,11.35,90.1893,164.4,-1.51,13.092719,10.526698,31.499998,6.929995,11.530849,2.958809,17.556675,2.931355,,,2.523136,17.20784,4.734046
1/4/1999,1279.640015,12.52,90.6043,164.7,-1.53,13.365484,9.297303,32.5,6.830283,10.083561,3.195442,17.298489,3.089804,,,2.402504,14.641759,4.147821
2/1/1999,1238.329956,12.01,91.0816,164.7,-1.41,12.001659,9.327886,30.062498,6.381578,8.873533,3.269227,16.95752,3.121497,,,2.251111,16.050589,3.462048
3/1/1999,1286.369995,14.68,91.235,164.8,-0.92,11.092443,9.05807,25.625,7.328844,9.117943,3.235172,17.112619,3.086825,,,2.124527,16.517767,3.14799
4/1/1999,1335.180054,17.31,91.4677,165.9,-0.81,11.819817,9.250795,24.875,7.229131,10.998667,3.353204,17.112619,3.150469,,,2.416636,20.205221,3.136807
5/3/1999,1301.839966,17.72,92.1525,166,-0.87,11.547051,9.280138,26.062498,7.179275,11.236733,3.61553,19.046556,3.277763,,,2.171975,16.921873,3.449929
6/1/1999,1372.709961,17.92,92.0042,166,-0.95,11.274286,9.550808,26.625,7.072741,11.624449,3.672557,18.6325,3.258534,,,2.067123,14.097643,3.633143
7/1/1999,1328.719971,20.1,92.5769,166.7,-0.84,12.001659,8.622794,25.562498,7.072741,12.030231,3.613616,15.475327,2.907126,,,2.064397,14.807596,3.367579
8/2/1999,1320.410034,21.28,92.9517,167.1,-0.98,11.819817,8.475229,24.5,8.126128,12.436012,3.688065,13.333495,2.667528,,,2.250474,12.931292,3.38453
9/1/1999,1282.709961,23.8,92.5954,167.8,-0.84,10.728756,7.904781,22.562498,7.975644,11.661469,3.78542,13.644783,2.248448,,,2.076976,11.875027,3.130254
10/1/1999,1362.930054,22.69,93.8128,168.1,-1.03,11.411596,7.986273,26.062498,6.771773,12.475617,3.965963,12.659039,2.039659,,,1.7869,10.397018,2.414931
11/1/1999,1388.910034,25,94.2587,168.4,-1.41,11.96826,8.10083,24.124998,6.671451,12.020653,4.098162,14.455811,2.280564,,,1.789426,13.149171,2.403486
12/1/1999,1469.25,26.1,94.9777,168.8,-1.54,12.432146,7.937177,22.687498,6.364421,12.585884,3.736052,13.519823,2.136777,,,1.948654,13.425237,2.146012
1/3/2000,1394.459961,27.26,94.9864,169.3,-1.79,11.597151,7.691697,21.437498,7.526181,8.838942,3.752194,11.387851,1.95871,,,2.124913,13.425237,1.947739
2/1/2000,1366.420044,29.37,95.2576,170,-1.53,12.246592,6.614599,16.375,7.021068,9.055112,3.082572,8.611381,1.974903,,,1.838038,11.068134,1.883592
3/1/2000,1498.579956,29.84,95.6407,171,-1.26,12.061037,6.778936,18.125,6.515955,9.287424,3.036391,9.289853,1.82815,,,2.030982,12.116644,1.983382
4/3/2000,1452.430054,25.72,96.3318,170.9,-0.8,12.246592,6.532429,18.875,7.576692,9.263302,2.832194,8.715761,1.950571,,,2.196936,12.735366,2.090914
5/1/2000,1420.599976,28.79,96.5139,171.2,-0.8,11.411596,7.885363,23.0625,9.193053,9.48041,3.215237,8.279587,2.350482,,,2.362795,12.683805,2.497149
6/1/2000,1454.599976,31.82,96.5856,172.2,-0.75,11.782705,6.481686,19.0625,7.008162,10.27445,3.125275,7.336343,2.49663,,,2.253073,10.796463,2.583967
7/3/2000,1430.829956,29.7,96.4624,172.7,-0.57,12.432146,6.192694,20.437498,6.957378,9.687168,3.022424,7.860367,2.283098,,,2.202755,11.457475,2.456289
8/1/2000,1517.680054,31.26,96.1414,172.7,-0.36,11.96826,6.154367,18.3125,7.92227,9.735604,2.882389,7.73639,2.307735,,,2.179677,12.183288,2.894043
9/1/2000,1436.51001,33.88,96.5318,173.6,-0.39,12.153814,6.01278,20.0625,8.328541,8.855924,3.115781,8.420561,2.281888,,,2.146339,12.093069,2.915696
10/2/2000,1429.400024,33.11,96.2532,173.9,-0.55,12.527857,7.668472,21.375,8.480892,9.780442,3.155952,9.420502,2.314961,,9.879396,2.445189,10.789937,3.627597
11/1/2000,1314.949951,34.42,96.2769,174.2,-0.75,13.218369,8.929276,25.437498,9.598135,9.43983,3.519649,11.824313,2.331494,,9.709897,2.723461,9.903807,3.782358
12/1/2000,1320.280029,28.44,96.0165,174.6,-0.92,13.021079,10.505032,26,11.935923,11.356461,3.496185,10.768571,2.300081,,10.484752,3.22847,13.056571,4.418305
1/2/2001,1366.01001,29.59,95.3542,175.6,-0.88,13.612947,10.491096,23.4,10.05474,9.964378,3.639886,11.486476,2.316746,,12.242954,2.812028,13.272607,4.418305
2/1/2001,1239.939941,29.61,94.7736,176,-0.63,13.267691,10.575418,19.68,10.846387,9.925303,4.056898,10.683793,2.283417,,12.43334,2.471024,11.535926,4.838045
3/1/2001,1160.329956,27.25,94.5456,176.1,-0.48,13.415657,9.240315,18.24,10.283257,10.065421,3.675738,11.412426,2.384464,,13.777695,2.400675,10.334323,4.816204
4/2/2001,1249.459961,27.49,94.3111,176.4,-0.3,13.502465,8.368985,20.810001,9.369189,9.610398,3.909474,11.6666,2.066087,,12.064713,2.383598,10.082266,5.086196
5/1/2001,1255.819946,28.63,93.6876,177.3,-0.3,21.875412,9.522882,20.85,9.769094,11.238281,4.472575,10.827772,2.243411,,13.838362,2.536936,9.317695,5.218147
6/1/2001,1224.380005,27.6,93.1114,177.7,-0.11,25.300352,9.205453,19.809999,8.203285,12.595182,4.614772,7.827612,2.328081,,14.423081,2.385258,8.584857,5.079106
7/2/2001,1211.22998,26.43,92.586,177.4,0.01,22.76716,9.445289,21.49,8.4904,11.689904,4.814965,8.754007,2.501331,,13.766432,2.46785,9.510674,4.668673
8/1/2001,1133.579956,27.37,92.4101,177.4,-0.07,22.490955,9.985003,22.949999,8.736499,12.988782,4.847319,9.001372,2.544641,14.654643,13.340141,2.621829,9.939918,4.863629
9/4/2001,1040.939941,26.2,92.0924,178.1,-0.28,20.005114,9.360476,22.450001,7.973594,11.345694,4.495236,8.54917,2.386836,13.6509,13.191526,2.323883,7.574874,5.058205
10/1/2001,1059.780029,22.17,91.6854,177.6,-0.26,21.716318,10.356746,22.9,7.793121,11.886717,4.567556,8.352932,2.585963,14.148757,12.284995,2.463647,9.047766,4.902132
11/1/2001,1139.449951,19.64,91.2155,177.5,-0.28,24.794029,11.480708,22.969999,8.703686,12.854239,4.765483,10.299518,2.686889,15.537937,13.226976,2.60655,9.889419,4.940888
12/3/2001,1148.079956,19.39,91.2654,177.4,-0.46,25.729652,10.704884,23.769999,8.695483,13.959159,5.11376,9.888565,2.746116,18.693705,13.266225,2.572184,10.957399,4.863178
1/2/2002,1130.199951,19.72,91.7848,177.7,-0.14,25.803518,10.39903,24.799999,7.890954,11.353449,4.964642,10.804647,2.773583,15.537937,13.119534,2.612617,11.420981,5.315024
2/1/2002,1106.72998,20.72,91.8034,178,0,23.702467,10.37053,23.41,8.204284,12.177138,5.228252,11.156233,2.776326,15.857707,12.19762,2.602942,11.210262,5.585495
3/1/2002,1147.390015,24.53,92.5295,178.5,0.11,23.899443,10.430432,24.25,8.674278,12.791193,5.224431,10.718228,2.821664,17.471724,12.445828,2.746895,12.448987,5.648592
4/1/2002,1076.920044,26.18,92.9204,179.3,0.14,23.800955,9.936241,24.5,8.039373,13.14871,4.735419,12.040831,2.943266,17.851019,12.17887,2.709412,10.63439,5.837344
5/1/2002,1067.140015,27.04,93.2998,179.5,0.21,23.193621,10.935022,24.609999,8.369193,13.466505,4.679821,12.713057,3.479413,17.673691,10.518115,2.831506,11.832869,6.139775
6/3/2002,989.820007,25.52,94.1905,179.6,0.68,24.121037,9.612298,27.65,7.795208,12.40214,4.589714,13.359045,3.777949,17.106188,7.038438,2.817992,10.565062,4.743564
7/1/2002,911.619995,26.97,93.9664,180,0.57,23.349558,8.793111,25.109999,7.131787,10.939548,4.55091,10.895675,3.597391,16.57922,6.048983,2.319856,9.170473,5.000942
8/1/2002,916.070007,28.39,93.9897,180.5,0.7,23.398802,9.207367,26.290001,7.703988,11.158737,4.396837,10.730717,3.583499,17.426548,7.310515,2.572853,11.190513,5.429904
9/3/2002,815.280029,29.66,94.1275,180.8,0.82,23.349558,9.449071,24.85,7.587889,11.499571,4.213877,10.048167,3.546104,19.706657,6.084799,2.640352,10.199663,4.270715
10/1/2002,885.76001,28.84,93.7988,181.2,1.16,23.512993,10.287477,24.25,8.16009,11.78756,4.679598,9.564334,3.314357,20.667559,6.632598,2.882468,9.310896,4.485352
11/1/2002,936.309998,26.35,94.2885,181.5,1.41,20.214527,10.112561,24.370001,9.337665,11.867558,4.32186,10.229257,3.339486,20.071636,7.057919,2.837731,11.046108,4.15184
12/2/2002,879.820007,29.46,93.8334,181.8,1.41,22.100552,9.407034,25.01,9.426434,12.092278,4.511364,9.726462,3.565833,19.671021,7.723987,2.709481,9.047128,4.531304
1/2/2003,855.700012,32.95,94.3584,182.6,0.98,20.530249,9.141513,24.530001,9.034707,12.020039,4.37253,8.937596,3.605145,21.257132,7.125844,2.573769,8.284015,4.233912
2/3/2003,841.150024,35.83,94.6468,183.6,0.64,18.187258,8.310328,23.07,8.951361,12.060172,4.081157,8.009254,3.621991,21.258707,6.629255,2.637929,7.470028,4.321118
3/3/2003,848.179993,33.51,94.4394,183.9,0.48,20.131441,8.234087,20.08,8.959696,11.743267,4.112236,6.746926,3.610785,20.651316,6.621181,2.643488,8.176797,3.410019
4/1/2003,916.919983,28.17,93.764,183.2,-0.03,20.214527,8.447563,21,9.426434,12.033224,4.490741,8.383599,3.269189,22.990595,7.077996,2.643262,7.700809,3.501075
5/1/2003,963.590027,28.11,93.7793,182.9,-0.52,19.558159,9.176674,24.269999,9.918174,12.460107,4.586372,8.306112,3.709598,23.807428,8.155967,2.628667,7.428815,4.700728
6/2/2003,974.5,30.66,93.9277,183.1,-0.19,20.513632,9.866649,23.6,9.181918,12.133142,4.625405,9.285359,3.476577,23.560293,8.80275,2.748484,5.719312,5.248631
7/1/2003,990.309998,30.76,94.3114,183.7,0.14,22.92309,10.073642,22.529999,9.382982,12.646264,4.269549,9.906132,3.720649,24.672405,9.410785,2.804138,6.230725,4.621428
8/1/2003,1008.01001,31.57,94.138,184.5,0.05,23.512993,10.680373,22,10.17886,12.739193,4.234263,9.829008,3.831332,25.023586,10.51962,3.05679,6.673951,4.761192
9/2/2003,995.969971,28.31,94.7363,185.1,0.15,23.263739,10.095147,21.24,10.522345,12.908686,4.504786,12.400347,4.345329,22.741198,9.7954,3.041696,5.477614,5.143293
10/1/2003,1050.709961,30.34,94.8514,184.9,0.46,26.955076,11.04999,23.839998,12.876468,13.735489,4.861213,12.52321,4.584836,22.410418,10.303846,3.404806,5.973248,5.460345
11/3/2003,1058.199951,31.11,95.6337,185,0.39,29.582773,11.050152,24.5,13.697479,14.047567,5.278619,12.014233,4.787279,23.647137,11.155303,3.509031,6.21252,6.106193
12/1/2003,1111.920044,32.13,95.5638,185.5,0.32,29.455626,11.769301,26.389999,13.837833,14.009812,5.081729,11.653366,4.574914,27.333696,11.838113,3.739963,8.485601,6.471695
1/2/2004,1131.130005,34.31,95.7472,186.3,0.26,31.981604,12.109544,25.939999,13.451115,14.302615,5.333555,13.536917,5.185094,28.396492,12.640813,3.566638,9.66487,6.610833
2/2/2004,1144.939941,34.69,96.3214,186.7,0.17,32.286758,13.359859,27.189999,12.467502,15.412827,5.481874,14.013185,5.583292,32.520767,13.653234,3.586583,9.656324,6.843919
3/1/2004,1126.209961,36.74,95.8684,187.1,-0.1,27.039841,13.103536,26.940001,12.358212,16.317303,5.800266,15.928083,5.406759,33.495144,15.153272,3.606973,12.21995,6.551496
4/1/2004,1107.300049,36.75,96.2677,187.4,0.06,28.336737,13.639482,28.889999,10.458241,17.337133,6.052694,16.53697,5.455644,30.855171,14.344378,3.543248,10.741592,6.663394
5/3/2004,1120.680054,40.28,97.0723,188.2,0.1,29.938784,12.974629,28.119999,11.063541,17.696114,6.203565,18.144205,4.96386,31.027056,14.307055,3.785084,10.639048,5.771813
6/1/2004,1140.839966,38.03,96.2562,188.9,0.14,34.032906,13.09166,27.08,12.282902,19.038765,6.173788,18.524422,4.890723,32.530788,15.965843,4.214832,11.450862,6.107751
7/1/2004,1101.719971,40.78,97.0032,189.1,0.41,32.710579,12.038397,26,12.190041,17.635908,5.913881,16.853243,4.838725,33.524929,15.096097,4.216592,11.664497,5.80877
8/2/2004,1104.23999,44.9,97.0723,189.2,0.66,37.313286,12.518493,26.199999,13.127087,18.875166,5.320102,14.60483,5.113163,33.43314,15.237649,4.842385,13.621398,5.973515
9/1/2004,1114.579956,45.94,97.1565,189.8,0.67,36.109631,13.310206,25.709999,14.992738,18.904905,5.336042,14.197172,6.046379,33.508572,15.16271,5.596827,14.860484,5.825571
10/1/2004,1130.199951,53.28,98.0701,190.8,0.73,42.678871,15.18367,26.399998,14.013482,20.176168,5.62491,12.850124,6.803264,40.004105,17.868595,5.839361,12.852311,6.001427
11/1/2004,1173.819946,48.47,98.2541,191.7,0.62,47.264622,16.678886,27.049999,15.684969,22.316811,6.125169,14.559987,6.63507,44.3041,19.235388,6.69529,14.851938,7.119729
12/1/2004,1211.920044,43.15,98.9703,191.7,0.71,49.58717,17.552166,29.449999,14.271,22.021788,6.273246,16.345562,7.418595,47.909267,23.218725,7.261827,13.946124,7.658391
1/3/2005,1181.27002,46.84,99.417,191.6,0.56,48.739525,19.039106,29.5,13.669669,24.143377,6.329866,15.252897,7.374956,47.514297,22.698683,7.077874,14.099942,8.000575
2/1/2005,1203.599976,48.15,100.0955,192.4,0.26,49.553261,19.026173,27.32,15.329679,23.000349,6.259534,15.154971,9.193236,46.084473,24.648598,7.780405,14.06576,8.228698
3/1/2005,1180.589966,54.19,99.9283,193.1,0.28,44.670834,19.405115,27.019999,15.456721,21.430365,6.251496,14.852228,9.042774,45.38533,27.047203,7.665648,14.578485,8.288498
4/1/2005,1156.849976,52.98,100.0742,193.7,0.28,42.890781,14.202523,26.75,15.075596,18.156855,6.285016,15.039216,7.884718,47.844967,24.650032,7.383472,10.980865,8.237796
5/2/2005,1191.5,49.83,100.2414,193.6,0.3,43.662136,15.739437,26.15,15.998764,18.214573,5.978233,16.437178,9.567838,52.379803,23.968813,7.933681,11.177409,8.510319
6/1/2005,1191.329956,56.35,100.6437,193.7,0.22,44.475021,16.952602,23.16,16.656452,19.649555,5.919702,15.849499,10.471296,53.528038,26.43718,8.387356,13.296673,8.283375
7/1/2005,1234.180054,59,100.3278,194.9,-0.01,48.807507,18.189556,22.709999,19.425449,19.905924,6.001889,16.597452,12.167286,51.831013,28.408524,9.364396,14.86903,8.578019
8/1/2005,1220.329956,64.99,100.5151,196.1,-0.04,44.95929,17.922337,22.83,18.261791,18.624073,6.464041,15.867572,8.789922,49.704094,26.919994,9.672852,13.800852,9.057137
9/1/2005,1228.810059,65.59,98.6063,198.8,-0.08,44.586746,19.634155,24.75,18.661001,16.740715,6.687009,16.108528,8.587493,44.540688,26.460363,8.200878,13.689762,9.547908
10/3/2005,1207.01001,62.26,99.8695,199.1,-0.15,38.268116,19.403259,23.27,18.015469,19.761845,6.471927,15.885419,10.221113,43.965096,26.644697,7.247526,11.279954,9.721483
11/1/2005,1249.47998,58.32,100.9014,198.1,-0.44,39.815182,18.833199,21.5,17.33596,18.467075,6.675447,15.019753,12.068832,45.417938,30.983286,6.44019,11.570498,9.428737
12/1/2005,1248.290039,59.41,101.4873,198.1,-0.75,39.494663,19.704145,20.280001,18.724739,19.88574,6.651024,15.260713,12.659246,48.058121,32.784691,7.062634,12.501949,9.780564
1/3/2006,1280.079956,65.49,101.6088,199.3,-0.98,38.979019,25.169527,20.73,20.30855,22.699211,6.852757,12.788655,14.384174,50.053112,35.868221,7.937887,13.211219,9.46903
2/1/2006,1280.660034,61.63,101.6839,199.4,-0.71,39.529621,25.427605,21.029999,21.211153,22.44117,7.036696,12.109031,16.529308,48.254208,35.558754,8.445969,13.587216,9.411437
3/1/2006,1294.869995,62.69,101.8522,199.7,-0.73,39.938236,26.974747,21.460001,21.509182,24.680861,6.907939,12.296976,23.015038,47.42004,35.92757,7.770292,12.262677,9.376868
4/3/2006,1310.609985,69.44,102.2952,200.7,-0.3,44.12191,29.131123,22.679998,21.986027,23.370447,6.887273,13.066656,30.743586,45.411221,35.437611,8.365259,12.81813,9.681226
5/1/2006,1270.089966,70.84,102.1531,201.3,-0.11,48.340736,33.399315,22.6,20.887579,22.268698,7.369546,14.363692,30.384674,48.300735,35.760544,8.066622,13.296673,9.574039
6/1/2006,1270.199951,70.95,102.522,201.8,0.09,48.667023,33.166313,22.110001,19.824091,25.612051,7.62197,13.331946,24.509766,42.881836,35.773289,7.595703,13.373581,9.827548
7/3/2006,1276.660034,74.41,102.5057,202.9,0.03,48.128338,35.351692,21.5,20.694918,27.838457,7.772613,12.694955,22.018147,46.576931,36.619743,8.364224,13.407763,10.702833
8/1/2006,1303.819946,73.04,102.8357,203.8,0.37,51.907955,33.158768,23.799999,19.789942,28.876331,7.550127,13.250648,24.156345,48.222862,40.410339,8.671359,13.877761,11.179287
9/1/2006,1335.849976,63.8,102.6606,202.8,0.63,51.908432,30.508968,24.479998,23.042732,27.301929,7.412102,14.285153,20.142534,49.600903,40.044056,9.221892,14.441759,10.352303
10/2/2006,1377.939941,58.89,102.6297,201.9,0.76,55.004662,31.008324,26.15,23.922094,30.364374,7.468112,12.99877,21.204218,54.873405,37.746532,11.069685,15.997025,10.998729
11/1/2006,1400.630005,59.08,102.539,202,0.98,50.559933,28.348736,25.699999,26.329672,30.47345,7.834176,14.331133,24.3008,60.486145,41.032921,12.473558,18.201742,11.388208
12/1/2006,1418.300049,61.96,103.6229,203.1,1.1,45.165779,25.812696,27,26.933956,28.979982,7.722496,14.836195,25.031008,62.210648,44.840008,12.716395,18.253017,11.723557
1/3/2007,1438.23999,54.51,103.1171,203.437,0.59,46.682308,25.845003,25.709999,29.66242,28.811739,7.869902,16.008659,23.478012,66.019981,47.137413,13.843022,17.022476,11.938029
2/1/2007,1406.819946,59.28,104.172,204.226,0.12,42.427109,27.834581,25.209999,32.895519,26.885347,7.577117,16.495176,24.84795,68.146454,45.100983,14.001833,21.739548,11.513183
3/1/2007,1420.859985,60.44,104.3501,205.288,-0.15,51.392609,29.738842,24.91,32.784332,29.938972,7.722471,17.543638,26.246384,70.682495,47.02618,14.189029,22.782089,12.115636
4/2/2007,1482.369995,63.98,105.0975,205.904,-0.16,52.450397,31.359488,24.58,33.126457,33.583263,7.941001,18.944597,27.458212,65.128998,50.589382,15.941185,25.208988,12.670668
5/1/2007,1530.619995,63.46,105.1436,206.755,-0.39,53.7323,28.485365,25.5,33.040928,34.603748,7.807574,20.182673,23.113371,67.3078,52.827694,18.90085,30.02006,13.071452
6/1/2007,1503.349976,67.49,105.1474,207.234,-0.16,54.920624,26.900133,26.859999,37.474506,38.412121,7.786726,20.861767,26.824846,72.804779,57.921795,20.770956,33.344227,13.023075
7/2/2007,1455.27002,74.12,105.1149,207.603,-0.37,43.250328,27.314732,25.35,35.906998,37.710644,7.205034,19.286266,25.369097,78.069122,55.372746,21.533962,32.096596,12.341657
8/1/2007,1473.98999,72.36,105.3166,207.667,-0.57,46.059845,27.487839,25.709999,39.007748,38.200832,7.45832,19.550119,27.966961,78.941704,59.917694,23.619617,35.907852,12.887534
9/4/2007,1526.75,79.92,105.6629,208.547,-1.04,39.261665,26.982128,26.129999,46.579739,38.767082,7.489718,16.193487,28.463575,92.763405,73.664223,28.190983,45.735085,13.054348
10/1/2007,1549.380005,85.8,105.1595,209.19,-1.4,42.975849,29.184416,23.73,54.451527,36.037109,7.667759,14.333732,29.429752,99.44548,84.053299,32.786892,59.64703,13.692703
11/1/2007,1481.140015,94.77,105.729,210.834,-1.58,40.212856,29.74334,25.02,49.543438,33.317806,8.355083,13.564779,25.144213,97.135101,85.551338,32.042206,59.091579,14.561991
12/3/2007,1468.359985,91.69,105.7256,211.445,-1.61,33.301037,37.991287,23.789999,61.898998,31.132198,8.508522,13.946886,26.600449,100.654243,96.158081,38.475246,80.617485,14.328695
1/2/2008,1378.550049,92.97,105.4069,212.174,-1.79,39.003269,35.986576,21.48,55.221348,28.71911,8.181107,12.937034,27.045769,101.190323,96.222748,37.656906,77.703499,14.368507
2/1/2008,1330.630005,95.39,105.054,212.687,-1.7,37.269787,37.01247,22.1,63.23624,31.191673,8.628808,13.146613,27.467335,95.981781,99.749512,42.497749,95.110519,13.866112
3/3/2008,1322.699951,105.45,104.7987,213.448,-1.17,40.280571,33.779007,23.949999,53.241199,31.557035,8.797751,14.551595,26.536137,75.233643,96.145142,41.51086,87.676003,13.790633
4/1/2008,1385.589966,112.58,104.0207,213.942,-0.89,36.691864,36.15897,23.559999,67.719444,39.535801,8.361404,16.239397,27.035809,98.796112,98.470428,49.225769,104.689934,12.423993
5/1/2008,1400.380005,125.4,103.4941,215.208,-0.64,36.682678,32.678978,23.58,74.937134,40.07283,8.017698,17.226477,25.197731,103.520844,110.025726,53.271938,107.091194,13.827905
6/2/2008,1280,133.88,103.3216,217.463,-0.44,31.841263,27.781248,19.279999,92.237663,41.978745,7.343015,13.660485,24.278906,93.391632,109.196648,61.16626,123.652222,12.949593
7/1/2008,1267.380005,133.37,102.7625,219.016,-0.04,39.228275,23.566729,21.68,75.478096,39.756287,7.714364,13.623911,27.069996,85.786057,103.061905,54.68782,108.706284,12.817326
8/1/2008,1282.829956,116.67,101.2245,218.69,-0.04,39.893944,21.064865,21.269999,72.304588,38.286053,7.60559,13.311372,26.813547,77.651474,98.856712,46.476753,91.255554,13.24562
9/2/2008,1166.359985,104.11,96.8689,218.877,-0.28,43.850979,18.127699,19.459999,48.100136,27.723974,7.737824,10.946127,21.051367,54.901749,85.644096,35.34214,58.152546,12.691739
10/1/2008,968.75,76.61,97.7617,216.995,-0.3,36.669582,17.1514,17.42,32.575661,20.887455,6.060259,8.012492,15.91703,33.377274,77.178558,22.85582,33.692913,12.275931
11/3/2008,896.23999,57.31,96.5572,213.153,-0.37,31.968355,22.768906,14.75,26.949112,23.532742,5.6957,6.190963,7.567016,37.069756,68.695679,16.523962,25.982048,10.286449
12/1/2008,903.25,41.12,93.7183,211.398,-0.9,38.159084,23.97471,16.499998,29.327623,24.778088,6.664998,8.08239,9.902493,45.197861,61.019459,19.628235,29.62039,9.840025
1/2/2009,825.880005,41.71,91.5058,211.933,-1,26.296894,22.768906,17.1,28.76049,19.974125,6.436673,8.165428,9.848413,37.488819,66.188385,20.096361,30.536396,10.807039
2/2/2009,735.090027,39.09,90.934,212.705,-0.71,24.399759,22.279375,15.08,29.886162,17.402943,6.86823,7.816043,7.426867,41.085049,66.371124,22.541969,36.906178,10.088312
3/2/2009,797.869995,47.94,89.5012,212.495,-0.72,22.540195,23.215343,16.869999,30.754047,18.404055,6.842336,8.706126,8.55026,49.647354,72.314682,21.693661,35.988884,10.675712
4/1/2009,872.809998,49.65,88.7058,212.709,-0.25,25.049673,20.574577,17.699999,36.966724,20.747967,6.792878,9.772371,9.717298,42.075363,74.108696,23.246315,34.677235,10.882295
5/1/2009,919.140015,59.03,87.7758,213.022,0.17,24.124355,23.127945,18.589998,42.294334,22.926937,7.541853,12.386094,15.177608,55.636936,71.716682,31.134846,46.94659,11.388758
6/1/2009,919.320007,69.64,87.4125,214.79,0.49,28.344938,22.497643,19.059999,34.318226,23.376265,7.498435,11.725874,18.157148,52.981277,65.125053,25.009478,38.020729,11.130942
7/1/2009,987.47998,64.15,88.3209,214.726,0.69,30.009264,25.313,19.629999,39.738255,24.432077,7.839012,10.628608,19.539858,61.528629,73.587639,25.028469,44.758038,11.905151
8/3/2009,1020.619995,71.05,89.2996,215.445,0.62,28.12183,24.354927,20.530001,41.04594,25.88055,8.06604,11.186447,19.952244,59.110924,73.482513,23.817543,41.637421,12.414499
9/1/2009,1057.079956,69.41,89.9908,215.861,0.68,27.875229,24.684389,21.68,42.835411,25.009714,7.753877,11.783556,21.398878,55.229591,67.805756,24.309986,41.293804,12.321387
10/1/2009,1036.189941,75.72,90.2527,216.509,0.96,27.712357,25.444691,21,40.392097,24.711561,8.000597,11.680928,18.863842,50.33382,59.059528,24.993387,40.142696,12.528935
11/2/2009,1095.630005,77.99,90.6331,217.234,1.49,24.786739,26.142208,22.189999,48.057564,24.588793,8.233198,11.25067,15.885018,54.800781,70.989235,30.284071,48.064796,13.013211
12/1/2009,1115.099976,74.47,90.8895,217.347,1.81,27.121513,26.566456,23.050001,52.956184,25.752949,8.437273,11.48467,15.748979,56.509434,71.868362,29.228094,52.725624,13.81103
1/4/2010,1073.869995,78.33,91.9065,217.488,1.43,24.434141,25.42947,22.74,48.521641,25.039303,8.53826,12.935463,16.45653,52.047462,66.915863,26.786448,47.235023,13.972853
2/1/2010,1104.48999,76.39,92.2135,217.281,1.18,24.73909,25.038044,24.459999,55.754681,28.704451,9.069971,15.987733,19.701475,52.947216,62.303715,29.781889,51.588604,14.15578
3/1/2010,1169.430054,81.2,92.8133,217.353,1.07,24.062483,24.645758,25.07,60.817806,30.660547,9.268535,17.967434,20.476282,54.759808,62.982746,32.17878,53.691376,14.684056
4/1/2010,1186.689941,84.29,93.1984,217.403,0.56,25.42523,23.827076,24.469999,53.739765,31.845924,9.038006,18.380262,22.103128,47.047409,55.822296,29.818775,45.183102,15.163507
5/3/2010,1089.410034,73.74,94.6492,217.29,-0.15,24.205427,21.66975,24.18,47.264469,29.501709,8.825138,16.533916,20.017584,43.504578,45.031403,26.766739,40.832062,14.519469
6/1/2010,1030.709961,75.34,94.8328,217.199,-0.62,21.89924,22.14139,23.32,42.185852,26.915802,8.97592,15.414726,19.983482,43.888229,40.915108,23.272144,34.473335,14.591908
7/1/2010,1101.599976,76.32,95.2539,217.605,-0.89,23.21434,23.461985,23.48,54.30545,29.616266,9.563917,16.468082,21.074934,44.298653,51.503918,28.329727,42.140953,16.135561
8/2/2010,1049.329956,76.6,95.6092,217.923,-1.33,19.631174,26.553045,21.589998,59.968735,30.318031,9.615169,15.442511,22.000835,47.489861,46.882458,39.778313,51.932018,16.252064
9/1/2010,1141.199951,75.24,95.8794,218.275,-1.56,22.147013,27.50968,21.940001,64.640724,33.434948,9.938273,15.103116,23.292517,53.009434,42.679508,38.91116,52.020546,17.773199
10/1/2010,1183.26001,81.89,95.6362,219.035,-1.65,24.488325,28.716246,22.49,76.294853,37.937519,10.280774,14.660015,24.195948,53.824825,53.216171,39.221222,64.768951,18.809105
11/1/2010,1180.550049,84.25,95.7002,219.59,-1.57,22.144716,25.109268,21.48,69.157562,38.445728,10.98825,14.960976,19.863171,54.705929,53.663971,38.858994,59.914619,17.7584
12/1/2010,1257.640015,89.15,96.4959,220.472,-1.63,22.804752,26.053356,22.58,79.138611,41.137417,11.476317,16.274668,22.40613,58.933449,62.369141,41.854176,67.648689,18.495396
1/3/2011,1286.119995,89.17,96.4283,221.187,-1.7,24.019604,28.296646,22.33,76.240456,41.253677,11.115679,15.54694,23.903982,61.227108,65.986153,48.086067,71.794785,17.661524
2/1/2011,1327.219971,88.58,96.0111,221.898,-1.26,25.358809,32.34412,23.16,82.010895,43.659321,12.330752,17.645855,29.611849,65.124847,64.646294,49.98484,76.102997,19.058821
3/1/2011,1325.829956,102.86,96.8407,223.046,-0.98,25.607519,31.326298,23.75,79.578514,46.474304,12.528765,18.176273,30.102114,65.269234,64.979012,47.818291,69.809097,19.848806
4/1/2011,1363.609985,109.53,96.4337,224.093,-0.74,24.670076,32.204933,24.449999,78.000053,49.415939,13.295465,18.848766,30.676722,68.075638,61.417881,45.805241,66.404015,20.466459
5/2/2011,1345.199951,100.9,96.6227,224.806,-0.53,23.837854,28.336176,25.429998,75.955818,50.877792,13.259298,18.05431,26.771854,67.392708,64.1259,45.983974,62.84697,21.396753
6/1/2011,1320.640015,96.26,96.8573,224.806,-0.25,24.507458,26.360249,25.809999,75.746292,49.725338,13.476294,18.434,26.174412,62.414062,65.479912,46.300827,60.079403,20.425938
7/1/2011,1292.280029,97.3,97.3169,225.395,-0.23,23.35,26.561338,25.609999,75.418312,45.776455,13.152408,16.668436,25.468166,62.287334,66.581139,47.024281,62.731655,20.340862
8/1/2011,1218.890015,86.33,97.7956,226.106,-0.66,20.317657,25.041792,24.42,74.192703,42.061447,12.534967,16.620955,24.910606,58.814682,62.458321,47.16256,63.139565,21.029203
9/1/2011,1131.420044,85.52,97.7474,226.597,-0.76,18.787136,21.814846,24.219999,57.534733,35.440632,12.267107,16.516302,20.90201,52.979568,54.402985,35.156364,43.468925,21.060659
10/3/2011,1253.300049,86.32,98.4096,226.75,-0.93,21.902903,25.446259,25.33,71.025101,43.804043,13.438725,18.362015,22.946838,56.142525,66.233826,38.55434,51.981628,21.641968
11/1/2011,1246.959961,97.16,98.281,227.169,-1.09,17.256832,26.640356,25.259998,60.408875,46.956127,13.730574,19.200315,27.52751,57.032269,66.871124,35.304142,46.873192,22.537498
12/1/2011,1257.599976,98.56,98.6739,227.223,-1.05,18.671705,25.295956,26.399998,58.115253,47.679321,13.356643,19.676987,27.229048,52.195934,63.793869,33.626095,44.803169,23.61101
1/3/2012,1312.410034,100.27,99.3787,227.86,-0.93,22.305796,25.322489,26.67,69.502762,50.308533,13.191726,17.770302,25.270746,52.259808,75.013649,38.1334,49.769249,22.615604
2/1/2012,1365.680054,102.2,99.6578,228.377,-0.61,22.421471,27.752609,26.249998,73.746017,51.99485,13.049632,18.06546,26.87356,61.665352,70.744125,37.978382,51.352047,23.969357
3/1/2012,1408.469971,106.16,98.9579,228.894,-0.48,22.31465,28.161781,26.259998,74.793839,52.451462,13.530915,18.294741,30.462011,62.69128,72.920029,37.276741,49.164581,24.918154
4/2/2012,1397.910034,103.32,99.8396,229.286,-0.29,21.957384,27.423491,25.82,76.118774,51.914665,13.391044,17.434937,31.531841,59.082222,69.904419,34.7682,46.968224,25.999794
5/1/2012,1310.329956,94.66,100.0042,228.722,-0.18,23.579565,28.508427,25.15,67.666901,46.483002,13.78273,18.543032,27.246264,54.725464,70.840393,32.353741,42.498245,25.98365
6/1/2012,1362.160034,82.3,100.0318,228.506,0.14,29.530548,26.398016,25.929998,77.053535,45.240944,14.017741,18.026085,26.787552,57.705475,75.960724,35.758537,48.808804,28.234919
7/2/2012,1379.319946,87.9,100.3132,228.475,0.44,28.263847,23.330767,24.690001,82.706047,47.433559,12.928452,14.369174,23.84255,60.492329,78.850136,36.258373,52.017605,29.39537
8/1/2012,1406.579956,94.13,99.8389,229.844,0.66,30.584518,24.083504,25.109999,85.684715,49.178516,13.30366,15.029912,25.224003,58.786152,80.222321,33.721272,51.838573,27.75276
9/4/2012,1440.670044,94.51,99.9599,230.987,0.44,30.236706,24.47064,27.59,90.109177,50.393589,13.544535,15.375427,23.743874,61.926342,83.823158,35.65078,51.570026,27.640591
10/1/2012,1412.160034,89.49,100.2146,231.655,0.23,30.391617,24.164534,27.839998,91.920769,56.415115,13.748422,16.13364,24.765251,65.602203,79.592758,33.314945,47.075527,26.324371
11/1/2012,1416.180054,86.53,100.7651,231.278,0.33,33.325245,24.206188,29.859999,88.854996,59.618641,14.437472,18.544245,26.593639,67.827339,84.697342,31.78825,48.622524,27.988274
12/3/2012,1426.189941,87.86,101.0382,231.272,-0.13,35.542709,24.831741,29.5,87.428185,59.381104,14.530586,18.766737,27.147577,67.391602,87.527069,33.579021,50.934029,26.381781
1/2/2013,1498.109985,94.76,100.9614,231.641,-0.42,42.276707,25.865265,32.689999,99.351395,60.89259,16.19352,21.397951,29.837021,73.853554,94.095657,35.246208,55.089336,28.261398
2/1/2013,1514.680054,95.31,101.4781,233.005,-0.4,41.578075,29.06008,34.109997,90.56218,61.012398,17.503599,21.979055,31.05835,68.960976,93.798561,33.247543,52.868626,28.152313
3/1/2013,1569.189941,92.94,101.6302,232.313,-0.14,44.95443,30.765738,35.809998,85.785477,67.009857,19.333033,24.063526,33.97226,68.700432,98.069305,32.550911,53.834965,29.233717
4/1/2013,1597.569946,92.02,101.5825,231.856,-0.08,40.638805,30.957283,35.369999,80.655945,66.722618,19.390215,23.879316,34.607018,67.192978,99.53302,35.162601,55.848923,31.035852
5/1/2013,1630.73999,94.51,101.6016,231.895,-0.28,44.857231,29.562815,33.689999,81.28064,63.118248,18.708948,24.286888,32.334583,65.00631,93.774605,35.095787,55.150696,30.687326
6/3/2013,1606.280029,95.77,101.8221,232.357,-0.33,39.061527,31.103786,34.929996,76.961815,61.159969,18.12635,24.947493,33.864853,66.099083,92.060127,31.846796,48.794132,30.11014
7/1/2013,1685.72998,104.67,101.2443,232.749,-0.28,44.622265,33.451935,36.209999,75.227165,62.632576,19.980162,26.832155,37.767685,70.99324,92.398811,24.437807,37.435703,30.170378
8/1/2013,1632.969971,106.57,101.9928,233.249,-0.29,39.207603,32.464828,33.82,75.91748,58.662117,19.546118,28.172592,41.804214,71.057961,91.566307,24.977123,37.945904,29.154945
9/3/2013,1681.550049,106.29,102.4847,233.642,-0.09,40.169571,33.967747,30.34,75.020508,62.026115,19.871651,27.520584,44.605003,71.179863,97.627701,26.359125,39.194061,29.965593
10/1/2013,1756.540039,100.54,102.4287,233.799,-0.24,38.988976,37.711208,31.809999,76.172195,61.641796,20.584774,26.926964,47.336178,77.012276,98.506325,26.495346,41.772377,32.477993
11/1/2013,1805.810059,93.86,102.7732,234.21,-0.02,38.032787,37.284077,32.989998,80.412918,64.828873,21.323668,30.912428,54.28537,75.401978,106.44281,26.963913,43.640064,32.259903
12/2/2013,1848.359985,97.63,102.9513,234.847,-0.09,38.038872,40.201962,33.700001,82.344711,64.576729,21.394714,32.638996,57.005398,77.274796,109.467133,28.079954,43.294102,33.911961
1/2/2014,1782.589966,94.62,102.4621,235.436,-0.42,35.73912,36.570816,31.789999,78.4021,58.766144,21.615288,36.482323,52.894768,71.298729,100.456291,26.964321,40.903629,31.111731
2/3/2014,1859.449951,100.82,103.2919,235.621,-0.45,37.148327,37.830929,28.4,83.064819,62.105343,22.571423,38.556301,52.58791,75.2192,103.727837,28.660353,44.750366,32.030418
3/3/2014,1872.339966,100.8,104.0896,235.897,-0.07,37.010029,40.430641,31.029999,88.474998,64.619835,23.437176,43.012997,56.915104,75.124718,107.263367,31.182878,46.029419,33.501392
4/1/2014,1883.949951,102.07,104.2409,236.495,0.28,34.280907,40.747452,30.51,87.159492,66.86937,22.781836,41.019215,59.845402,75.256996,104.764145,31.456861,46.066242,35.900105
5/1/2014,1923.569946,102.18,104.6541,236.803,0.45,36.803875,42.101124,32.299999,81.552681,72.279671,23.50795,41.573174,48.940838,73.708954,115.316277,31.59605,46.020214,37.197914
6/2/2014,1960.22998,105.79,105.1223,237.016,0.48,36.861679,41.323555,29.68,83.816895,71.622841,23.574827,36.755932,49.663773,71.745529,118.051308,33.022743,45.752594,37.965916
7/1/2014,1930.670044,103.59,105.2073,237.259,0.13,36.291401,43.468895,30.130001,83.313797,70.277046,21.711189,36.432823,52.013123,74.780769,107.396202,31.166613,42.662327,36.752888
8/1/2014,2003.369995,96.54,105.1989,237.163,0.14,38.385704,46.936573,32.199997,86.561089,76.127899,24.311159,37.340313,66.215149,80.626183,109.827316,30.876812,44.188953,38.997894
9/2/2014,1972.290039,93.21,105.575,237.51,0.37,37.520309,48.103867,33.040001,82.084862,72.741791,24.651747,38.625542,60.649734,80.226151,106.845413,30.349905,41.305653,42.085854
10/1/2014,2018.050049,84.4,105.6441,237.651,0.48,36.33857,44.244263,34.349998,90.219566,74.143074,25.962725,39.587009,61.469582,84.436043,109.744888,30.323185,41.212643,44.284508
11/3/2014,2067.560059,75.79,106.6868,237.261,0.89,35.206066,49.821217,36.519997,89.850639,79.882568,25.563002,41.639938,52.123276,86.787743,114.390732,30.846764,42.570587,46.043427
12/1/2014,2058.899902,59.29,106.5182,236.464,0.77,49.327358,49.178116,36.279999,88.077553,81.823494,25.09104,39.427139,51.387417,86.921608,113.970985,31.343719,42.697666,45.605526
1/2/2015,1994.98999,47.22,105.9906,234.954,0.59,46.87233,44.099533,35.43,99.170937,77.772827,24.78974,38.394501,43.49654,85.60215,113.025978,32.744457,45.541058,49.150669
2/2/2015,2104.5,50.58,105.8576,235.415,0.57,45.028591,45.553543,34.98,107.428207,79.28701,28.317993,40.725101,42.809956,78.483856,115.3731,32.17094,49.815502,52.103413
3/2/2015,2067.889893,47.82,105.515,235.859,0.48,50.599552,45.096867,36.529999,97.666489,75.463547,27.514578,37.757717,40.147137,79.040482,108.282372,28.900076,43.283298,46.76543
4/1/2015,2085.51001,54.45,105.2732,236.197,0.9,46.167404,46.504955,36.149998,97.067017,76.995705,26.419241,38.940727,41.42812,82.888855,109.648651,29.58926,41.347481,46.793476
5/1/2015,2107.389893,59.27,105.0259,236.876,1.04,48.704292,50.548447,38.609997,97.376122,79.487885,27.814333,41.947128,43.029346,89.16169,112.554398,28.537682,43.085953,47.868652
6/1/2015,2063.110107,59.82,104.8599,237.423,1.28,44.832142,46.120079,43.719997,100.065788,77.79129,27.401152,42.124996,37.975925,84.576462,103.046356,28.075348,44.294209,46.215916
7/1/2015,2103.840088,50.9,105.4755,237.734,1.56,44.298424,45.354916,44.059998,96.580727,85.96907,28.906561,43.824619,36.320564,76.918335,98.502617,24.953783,40.597511,51.384613
8/3/2015,1972.180054,42.87,105.5783,237.703,1.87,41.580429,43.287533,41.68,98.101311,84.15612,29.829266,41.878048,34.450981,70.139297,94.40358,23.870432,38.602619,50.628681
9/1/2015,1920.030029,45.48,105.3072,237.489,2.01,40.176445,39.881489,40.509998,85.345985,85.542778,30.908197,42.69025,33.303505,70.962189,82.502823,18.866821,29.612316,51.954563
10/1/2015,2079.360107,46.22,105.1649,237.949,2.21,42.255047,43.932178,40.549999,88.750282,93.135918,33.106106,43.938274,34.613743,70.633034,90.676781,18.900995,32.163296,57.751698
11/2/2015,2080.409912,42.44,104.4871,238.302,2.57,42.245152,35.371471,40.93,94.147591,96.574875,36.718124,49.674129,33.704399,64.838089,92.56385,18.891651,30.116798,55.010712
12/1/2015,2043.939941,37.19,104.0452,238.041,2.56,38.35675,35.555645,42.159996,86.015877,94.340508,38.756931,52.98243,31.078009,66.463669,95.832176,15.995307,26.492029,56.145557
1/4/2016,1940.23999,31.68,104.5495,238.107,2.56,30.108416,34.266415,41.639999,83.637787,99.144165,39.555,53.01223,28.798496,60.360455,88.620186,15.613443,23.140917,58.942707
2/1/2016,1932.22998,30.32,104.414,237.707,2.11,23.733799,34.197567,42.059998,82.732758,99.636337,41.822731,64.47345,26.381428,48.785301,88.023514,16.226488,25.589436,59.386395
3/1/2016,2059.73999,37.55,103.4255,237.92,1.6,27.431583,35.518127,44.619999,85.84034,105.567863,42.540932,66.37529,31.016533,55.604641,85.822678,16.303118,26.195822,60.984661
4/1/2016,2065.300049,40.75,103.8385,238.89,1.05,28.723183,39.068958,44.560001,83.730553,113.772873,38.065365,65.538879,33.090225,61.325043,92.207581,17.242374,27.156336,61.033325
5/2/2016,2096.949951,46.71,103.6937,239.403,0.45,30.253231,42.173466,45.699997,87.697342,116.06633,33.977413,63.654167,35.331791,66.222069,110.702248,15.88984,24.743406,61.938457
6/1/2016,2098.860107,48.76,104.2222,239.907,0.06,30.119295,42.29179,47.810001,88.787498,128.402069,36.139877,66.658234,35.255096,58.402203,101.784653,15.802266,25.675085,67.694588
7/1/2016,2173.600098,44.65,104.5225,239.81,-0.25,29.45219,44.451248,46.760002,89.121361,132.20224,37.027306,73.454796,36.683552,65.007614,105.66098,15.420462,26.479271,66.457703
8/1/2016,2170.949951,44.72,104.4351,240.301,-0.48,27.958672,43.445404,46.609997,94.620255,135.893265,37.92944,75.57,36.653793,63.505672,105.393791,17.891689,29.490061,64.877251
9/1/2016,2168.27002,45.18,104.198,241.002,-0.46,26.803551,41.866833,47.110001,89.919426,132.531235,37.602295,74.669998,36.048882,58.864487,101.138451,16.132175,24.214058,62.660778
10/3/2016,2126.149902,49.78,104.4011,241.863,-0.75,26.095043,43.256771,48.18,91.039818,130.648743,38.313374,70.849998,37.912106,61.627331,100.253273,16.192095,23.293411,65.524765
11/1/2016,2198.810059,45.66,103.7106,242.348,-0.63,27.242626,43.23,36.689999,99.993095,116.913544,34.074024,56.810001,39.207394,68.279999,102.183327,18.131565,28.4,63.354477
