Date,SSTA,SOI,SP,CPI,INDPRO,PCOM,ADM,CONAGRA,CPB,GMILLS,HORMEL,SMUCKER,MKC,HSY,TYSONS,FMC,MOSAIC,SYSCO
1/1/1990,0.01,-0.1,329.079987,127.5,63.4171,114.9,7.424499,6.290532,11.90625,7.076906,1.90625,,5.125,7.96875,8.166667,9.46875,17,3.59375
2/1/1990,0.22,-3,331.890015,128,64.0517,114.4,7.795724,6.841764,11.84375,6.637828,1.90625,,5.3125,7.25,9.208333,9.09375,18.25,3.375
3/1/1990,0.09,-0.7,339.940002,128.6,64.3607,114.2,8.445368,7.29572,12.84375,7.606383,1.953125,,5.5,7.9375,9.458333,9.1875,17.375,3.70312
4/1/1990,0.19,0.3,330.799988,128.9,64.2562,114.1,8.723786,7.230869,12.6875,7.490156,1.921875,,5.15625,8.0625,9.833333,8,15.5625,3.79688
5/1/1990,0.21,2,361.230011,129.1,64.3971,114.6,9.837461,8.106356,13.46875,8.329571,2.1875,,5.8125,8.75,11.291667,9.28125,16.5,4.29688
6/1/1990,0.05,0.5,358.019989,129.9,64.6064,114.3,9.512639,9.176394,14.3125,9.285211,2.296875,,6.3125,9.40625,10.291667,8.25,17.5625,4.28125
7/1/1990,0.2,0.9,356.149994,130.5,64.5289,114.5,9.327026,8.949416,13.34375,9.530578,2.125,,6.3125,9.65625,9.833333,9.40625,17.75,4.26562
8/1/1990,0.24,-0.3,322.559998,131.6,64.7258,116.5,8.965082,8.592736,12.625,8.988188,1.859375,,5,9.5,9.5,8.84375,16.125,4
9/1/1990,0.21,-1.2,306.049988,132.5,64.8148,118.4,9.159976,8.625162,11.40625,8.419969,1.84375,,5.28125,9.03125,8.666667,7.40625,16.75,3.92188
10/1/1990,0.26,0.4,304,133.4,64.3264,120.8,8.672743,8.560311,12.375,8.587852,1.859375,,5.125,8.625,9,6.71875,17.25,4.01562
11/1/1990,0.18,-0.8,322.220001,133.7,63.5713,120.1,9.013805,9.046693,14.25,9.788859,2.171875,,5.75,8.75,10.041667,7.46875,17.375,3.9375
12/1/1990,0.39,-0.4,330.220001,134.2,63.1589,118.7,8.867636,9.597925,14.625,10.124625,2.390625,,6.4375,9.375,10.333333,7.96875,17.4375,4.20312
1/1/1991,0.48,1,343.929993,134.7,62.8801,119,7.941894,10.084306,15.15625,9.737204,2.203125,,7.5,9.9375,11.125,8.6875,19.125,4.39062
2/1/1991,0.33,0.4,367.070007,134.8,62.452,117.2,8.672743,10.862516,17.78125,11.131922,2.421875,,8.625,9.96875,12.666667,9.25,19.1875,4.625
3/1/1991,0.08,-1.1,375.220001,134.8,62.12,116.2,8.575296,11.673152,19.65625,11.932593,2.75,,10.125,10.21875,13,9.34375,21.6875,4.48438
4/1/1991,0.3,-1,375.339996,135.1,62.25,116,8.916359,11.316472,20.5625,11.545172,2.828125,,9.5,10.03125,14.416667,11.09375,20.6875,4.92188
5/1/1991,0.39,-1.7,389.829987,135.6,62.8714,116.5,8.770189,11.867704,19.4375,12.139218,2.46875,,9.3125,10.96875,14.833333,10.53125,20.75,5.375
6/1/1991,0.65,-0.2,371.160004,136,63.4441,116.4,9.208699,10.830091,18.46875,11.674313,2.421875,,10,10.1875,13.75,11,23.0625,5.125
7/1/1991,0.88,0,387.809998,136.2,63.5106,116.1,9.744655,11.673152,19.9375,13.017375,2.4375,,10.375,10.46875,12.333333,11.5,25.625,5.73438
8/1/1991,0.7,-0.7,395.429993,136.6,63.5623,116.2,10.538844,12.451362,21.03125,13.301484,2.53125,,11.25,10.46875,12.833333,12.0625,27.4375,5.78125
9/1/1991,0.41,-2.5,387.859985,137,64.1234,116.1,10.487685,11.997406,18.78125,12.604125,2.671875,,9.5,9.71875,13,11.875,27.3125,5.03125
10/1/1991,0.9,-1.7,392.450012,137.2,64.0179,116.4,11.203917,11.024643,19.34375,12.784922,2.4375,,10.25,10.3125,13.5,12.84375,23.75,5.21875
11/1/1991,1.27,-1.1,375.220001,137.8,63.9427,116.4,11.203917,11.738003,19.40625,13.456453,2.546875,,10.3125,9.5,12.5,11.5625,24.625,5.04688
12/1/1991,1.73,-2.9,417.089996,138.2,63.6923,115.9,13.557251,13.81323,21.25,15.212766,2.671875,,13.1875,11.09375,13.416667,11.96875,28.375,5.82812
1/1/1992,1.83,-4.7,408.779999,138.3,63.3372,115.6,12.175946,12.937743,18.875,14.412094,2.671875,,13.25,10.28125,12.083333,11.90625,31.4375,5.25
2/1/1992,1.79,-1.5,412.700012,138.6,63.7864,116,12.022468,10.846304,18.75,14.257125,2.359375,,13.1875,10.5625,12.25,12.0625,31.5,5.625
3/1/1992,1.43,-3.3,403.690002,139.1,64.3199,116.1,10.794641,10.797666,18,13.482282,2.1875,,12.5,10.03125,11.25,11.65625,27,5.82812
4/1/1992,1.31,-1.7,414.950012,139.4,64.8069,116.3,9.924931,9.970818,17.3125,13.224,2.28125,,10.875,10.3125,10.5,11.4375,24.9375,6.10938
5/1/1992,1.16,0.4,415.350006,139.7,65.0202,117.2,10.538844,10.068093,17.1875,13.120687,2.3125,,12.25,10.15625,12.416667,12.4375,23,6.28125
6/1/1992,0.71,-1,408.140015,140.1,65.0309,118,9.669134,10.16537,18.0625,13.869703,2.5,,11.125,10.5,11.416667,12.4375,21.4375,6.1875
7/1/1992,0.34,-1,424.209991,140.5,65.6155,117.9,11.152758,10.700389,18.9375,14.437922,2.5625,,12.6875,10.9375,13.333333,12,22.5625,6.4375
8/1/1992,0.07,0.6,414.029999,140.8,65.2948,117.7,10.528612,11.284047,18.5,14.360437,2.546875,,12.75,10.75,13.25,11.875,21.6875,6.25
9/1/1992,-0.07,0.1,417.799988,141.1,65.4461,118,10.689765,11.96498,20.4375,13.714734,2.515625,,13.625,11.3125,14.916667,11.5,20.875,6.1875
10/1/1992,-0.25,-2.3,418.679993,141.7,65.9387,118.1,11.334373,11.624514,20.75,13.895532,2.65625,,13.6875,11.4375,13.916667,11.21875,21.625,6.375
11/1/1992,-0.21,-1.1,431.350006,142.1,66.2219,117.8,11.710395,12.451362,21.75,14.46375,2.90625,,14.25,11.5,15.75,12.46875,19,6.59375
12/1/1992,-0.12,-0.9,435.709991,142.3,66.2778,117.6,11.388091,12.889105,21.0625,14.153812,2.9375,,15.125,11.75,16.166666,12.375,21.3125,6.59375
1/1/1993,0.14,-1.5,438.779999,142.8,66.565,118,11.280656,12.159534,20.5,13.947187,2.984375,,12.5,12.0625,15.75,12.1875,21.6875,6.40625
2/1/1993,0.42,-1.2,443.380005,143.1,66.8562,118.4,11.388091,10.846304,21.1875,14.282953,2.984375,,12.75,13.09375,16.5,11.625,18.9375,6.1875
3/1/1993,0.44,-0.8,451.670013,143.3,66.7661,118.7,11.065786,10.700389,22.1875,14.644547,2.890625,,12.375,13.40625,15.5,12.15625,16.0625,6.59375
4/1/1993,0.7,-1.9,440.190002,143.8,66.9976,119.3,10.743482,9.533074,19.3125,13.714734,2.65625,,11.75,12.84375,14.833333,10.96875,17.625,6.21875
5/1/1993,0.9,-0.6,450.190002,144.2,66.7645,119.7,10.260025,9.776264,19.9375,13.482282,2.5625,,12.375,13.25,16.083334,11.3125,15.75,6.65625
6/1/1993,0.49,-1.4,450.529999,144.3,66.8782,119.5,10.152591,9.824903,19.625,14.0505,2.640625,,11.625,11.78125,14.666667,11.3125,14.6875,6.28125
7/1/1993,0.34,-1.3,448.130005,144.5,67.0843,119.2,10.098873,9.338521,17.9375,12.552468,2.609375,,10.9375,11.125,13.75,12.0625,14.9375,6.75
8/1/1993,0.15,-1.6,463.559998,144.8,67.0144,118.7,10.378203,9.435798,19.75,12.914063,2.6875,,11.0625,12.125,14.583333,12.34375,14.25,7.28125
9/1/1993,0.34,-1.2,458.929993,145,67.3337,118.7,10.096188,10.116732,19.25,12.449156,2.71875,,10.875,12.46875,14.25,12.28125,17.125,6.875
10/1/1993,0.1,-1.8,467.829987,145.6,67.8513,119.1,10.378203,10.408561,20.8125,13.224,2.828125,,11.8125,13.25,15.416667,12.28125,18.1875,7.15625
11/1/1993,0.08,-0.1,461.790009,146,68.1384,119,10.039783,10.408561,21.25,12.552468,2.75,,11.625,12.71875,15.833333,11.53125,19.1875,6.90625
12/1/1993,0.2,0.3,466.450012,146.3,68.5029,118.6,10.265397,10.262646,20.5,12.552468,2.765625,,12.3125,12.25,16,11.78125,22.6875,7.3125
1/1/1994,0.09,-0.2,481.609985,146.3,68.7602,119.1,11.957496,10.214007,19.375,12.268359,2.625,,11.375,12.0625,15.25,12.0625,21.8125,6.8125
2/1/1994,0.07,0.4,467.140015,146.7,68.7808,119.3,11.562673,10.651751,21.0625,11.493516,2.65625,,10.75,12.8125,14.333333,12.21875,23,6.78125
3/1/1994,0.15,-1.1,445.769989,147.1,69.4762,119.7,10.82943,10.408561,19.9375,11.493516,2.40625,,10.875,11.59375,13.166667,11.875,19.75,6.40625
4/1/1994,0.37,-2.1,450.910004,147.2,69.8715,119.7,10.378203,10.94358,19.625,10.667016,2.40625,,10.25,11.15625,13,11.84375,18.5,6.5
5/1/1994,0.43,-1.1,456.5,147.5,70.2259,119.9,10.885833,11.18677,18.4375,11.312718,2.546875,,10.40625,10.75,14.375,12.0625,17.1875,6.46875
6/1/1994,0.45,-0.7,444.269989,147.9,70.6759,120.5,10.547414,11.867704,17.1875,11.286891,2.609375,,10.125,10.84375,15.583333,13.53125,17.3125,5.65625
7/1/1994,0.36,-2.2,458.26001,148.4,70.7851,120.7,11.111446,12.354086,18.5,10.305422,2.796875,,9.625,10.59375,16.083334,14.6875,19.5,5.90625
8/1/1994,0.55,-2,475.48999,149,71.2069,121.2,12.200029,12.743191,19.375,11.131922,2.875,,9.875,12,16.166666,14.625,20.0625,6.34375
9/1/1994,0.47,-2.6,462.709991,149.3,71.4768,121,12.318477,12.256809,19.75,11.932593,2.8125,,9.9375,11.25,16,15.5625,22.25,6.34375
10/1/1994,0.8,-1.9,472.350006,149.4,72.0827,120.9,13.562169,12.110895,20.625,11.596828,3.0625,23.75,9.875,11.8125,15.5,15.25,21.25,6.21875
11/1/1994,1.19,-0.9,453.690002,149.8,72.5328,121.5,13.088381,12.013618,21.5,11.106093,3.109375,23.375,9.5,11.6875,15.166667,14.5625,19,6.4375
12/1/1994,1.29,-2,459.269989,150.1,73.2862,121.9,14.657803,12.159534,22,11.803453,3.09375,24,9.125,12.09375,14.166667,14.4375,21.875,6.4375
1/1/1995,1.02,-0.7,470.420013,150.5,73.4173,122.9,14.302462,12.013618,21.625,11.700141,3.140625,23.125,10.9375,12.21875,16.083334,14.46875,22.8125,6.78125
2/1/1995,0.74,-0.2,487.390015,150.9,73.3112,123.5,13.41411,12.743191,22.6875,12.526641,3.34375,23.5,11.0625,12.25,16.416666,14.625,23.375,7.09375
3/1/1995,0.51,1.2,500.709991,151.2,73.4086,123.9,13.23644,12.889105,24.1875,12.320016,3.390625,22.125,11.3125,12.78125,16.083334,15.125,24.75,6.625
4/1/1995,0.39,-1.1,514.710022,151.8,73.3603,124.6,12.969934,12.925564,25.625,12.604125,3.421875,21.5,11,13.125,15.833333,15.34375,24.5625,7
5/1/1995,0.01,-0.6,533.400024,152.1,73.6079,124.9,13.147605,12.986382,24.5625,12.96875,3.078125,22.5,10.5,12.90625,14.916667,16.09375,22.5,6.78125
6/1/1995,-0.01,0.2,544.75,152.4,73.8595,125.3,13.23644,13.570039,24.5,12.84375,3.265625,22.125,10.75,13.8125,15.416667,16.8125,27.0625,7.375
7/1/1995,-0.1,0.7,562.059998,152.6,73.5675,125.3,11.726242,14.688716,23.375,13.0625,3.078125,21.875,11.25,14.40625,16.541666,18,30.125,7.78125
8/1/1995,-0.61,0.5,561.880005,152.9,74.4969,125.1,12.405831,14.785993,22.875,12.90625,3.015625,21,11.0625,15,17.166666,19.25,31.625,7.1875
9/1/1995,-0.84,0.4,584.409973,153.1,74.7941,125.2,11.473062,15.418288,25.125,13.9375,3.296875,20.875,11.9375,16.09375,17.916666,19,31.6875,6.8125
10/1/1995,-0.83,0,581.5,153.5,74.7015,125.3,11.939446,15.175097,26.1875,14.34375,2.875,19.625,12.375,14.9375,15.916667,17.90625,35,7.59375
11/1/1995,-1.03,0.1,605.369995,153.7,74.8864,125.4,12.872215,15.515564,27.9375,13.78125,3.0625,20.875,11.8125,15.4375,15.833333,18.46875,38.6875,7.6875
12/1/1995,-0.91,-0.8,615.929993,153.9,75.1739,125.7,13.431877,16.050583,30,14.4375,3.078125,22,12.0625,16.25,17.416666,16.90625,40.75,8.125
1/1/1996,-0.86,1.6,636.02002,154.7,74.6833,126.3,14.178093,17.850195,31.6875,14.375,3.046875,20.75,11.4375,17.65625,17.333334,18.21875,37.625,8
2/1/1996,-0.85,0.4,640.429993,155,75.8433,126.2,14.364646,16.39105,30.875,14.375,3.140625,20.125,11.4375,18.84375,15,18.25,41.25,8.21875
3/1/1996,-0.56,1.9,645.5,155.5,75.7631,126.4,13.711708,15.807393,30.4375,14.59375,3.28125,22.25,11,18.625,15.5,18.78125,36.5,8.21875
4/1/1996,-0.36,1.3,654.169983,156.1,76.4596,127.4,14.084816,14.883268,31.25,13.875,3.328125,21.125,11.125,18.96875,16.583334,17.34375,36.875,8.03125
5/1/1996,-0.26,0.5,669.119995,156.4,77.0169,128.1,14.5512,16.585604,32.25,14.34375,2.96875,20.375,11.375,18.1875,16.333334,16.8125,36.625,8.53125
6/1/1996,-0.3,1.9,670.630005,156.7,77.6676,128,14.27137,17.655642,35.25,13.65625,3.34375,19.625,11.0625,18.34375,18.25,16.3125,37.625,8.5625
7/1/1996,-0.33,1.1,639.950012,157,77.5653,128,13.245323,16.536964,33.9375,13.53125,2.8125,17.75,9.9375,20.5,16.416666,16.125,39.5,7.25
8/1/1996,-0.2,1.2,651.98999,157.2,78.0121,128.3,13.90759,16.39105,32.5625,13.75,2.65625,16.5,10.25,21.78125,16.166666,16,43,8.03125
9/1/1996,-0.46,1,687.330017,157.7,78.5488,128.2,15.082879,19.163424,39,15.09375,2.921875,17,11.6875,25.125,17.791666,16.96875,39.125,8.40625
10/1/1996,-0.4,1,705.27002,158.2,78.506,128,17.139635,19.406614,40,14.28125,2.953125,16.5,12.0625,24.1875,19.666666,18.40625,37.5,8.5
11/1/1996,-0.34,-0.1,757.02002,158.7,79.1955,128.2,17.237576,20.671206,41.3125,15.875,3.25,18,12.3125,24.9375,21.833334,19.3125,36.125,8.53125
12/1/1996,-0.61,1.5,740.73999,159.1,79.7144,129.1,17.237576,19.357977,40.125,15.90625,3.359375,17.625,11.78125,21.875,22.833334,17.53125,39.125,8.15625
1/1/1997,-0.54,0.8,786.159973,159.4,79.8239,129.7,15.474642,19.649805,41.5,16.9375,3,17.5,12.375,21.1875,22.583334,17.53125,38.125,8.21875
2/1/1997,-0.36,2.9,790.820007,159.7,80.7816,128.5,14.495234,20.622568,45.0625,16.3125,3.28125,16.625,11.8125,22.8125,20.25,17.1875,34.875,8.75
3/1/1997,-0.2,-0.7,757.119995,159.8,81.3388,127.3,14.00553,21.10895,46.375,15.53125,3.265625,16.625,12.25,25,19.375,15.3125,36.125,8.53125
4/1/1997,0.27,-1,801.340027,159.9,81.3611,127,14.397293,22.422178,51.125,15.5,3.0625,17.5,11.8125,27.125,20,16.78125,36.75,8.875
5/1/1997,0.77,-2.2,848.280029,159.9,81.8326,127.4,15.670524,23.492218,46,15.8125,3.15625,19.375,13.0625,28.0625,20.5,18,39.125,8.71875
6/1/1997,1.23,-2.3,885.140015,160.2,82.2309,127.2,18.412865,24.975681,50,16.28125,3.359375,21.75,12.625,27.65625,19.125,19.859375,35,9.125
7/1/1997,1.68,-1.2,954.309998,160.4,82.85,126.9,17.629339,27.383268,51.875,17.28125,3.53125,24.125,13,27.625,21,21.4375,31.5625,9.35938
8/1/1997,1.91,-2.4,899.469971,160.8,83.7172,127.2,17.790941,25.072958,46.375,16.0625,3.71875,26.375,11.8125,26.6875,21.25,20.765625,35.1875,8.875
9/1/1997,2.12,-2.4,947.280029,161.2,84.4629,127.5,19.693441,25.753891,49,17.234375,4.007813,27.75,12.03125,28.25,23.4375,22.1875,35.25,9.23438
10/1/1997,2.41,-2.4,914.619995,161.5,85.1968,127.8,18.30513,24.027237,51.5625,16.5,3.757813,27.25,12.5,27.625,18.875,20.203125,33.6875,10
11/1/1997,2.49,-2,955.400024,161.7,85.9458,127.9,17.585266,28.015564,56,18.5,3.8125,24.75,13.25,30.6875,18.125,18.265625,31.5,11.14062
12/1/1997,2.33,-1.6,970.429993,161.8,86.2054,126.8,17.84236,25.77821,58.125,17.90625,4.09375,23.625,14,30.96875,20.5,16.828125,32.75,11.39062
1/1/1998,2.37,-4.4,980.280029,162,86.6558,125.4,17.328171,24.708172,53.5,18.609375,4.15625,25.625,14.59375,31.84375,18.0625,16.8125,32.25,11.1875
2/1/1998,2.04,-3.4,1049.339966,162,86.7556,125,18.459387,23.346304,58.0625,17.984375,4.640625,26.625,14.34375,33.34375,19.5,18.09375,38.1875,11.76562
3/1/1998,1.39,-4,1101.75,162,86.8196,124.7,18.048035,25,56.75,19,4.851563,26.125,16.125,35.8125,19.25,19.625,38.0625,12.8125
4/1/1998,0.89,-2.4,1111.75,162.2,87.1345,124.9,17.688103,22.714008,51.3125,16.890625,4.25,24.5,17.125,36.625,19.3125,19.390625,36,11.90625
5/1/1998,0.7,0.4,1090.819946,162.6,87.6936,125.1,15.579928,22.762646,54.5,17.0625,4.203125,23.75,16.75,34.5625,21.125,19.109375,32.5,11.65625
6/1/1998,-0.26,1.6,1133.839966,162.8,87.1421,124.8,15.93986,24.659533,53.125,17.0625,4.320313,24.75,17.85935,34.5,21.6875,17.046875,30.125,12.8125
7/1/1998,-0.88,2,1120.670044,163.2,86.8414,124.9,14.088779,20.136187,54,15.484375,4.054688,23.75,16.21875,31.5625,21.625,15.96875,25.5625,11.875
8/1/1998,-1.26,1.9,957.280029,163.4,88.6266,124.2,12.957564,19.2607,50.375,16.359375,3.445313,21.625,14.53125,35,16.5,12.9375,18.375,10.09375
9/1/1998,-1.27,1.7,1017.01001,163.5,88.4562,123.8,14.46928,20.963036,50.1875,17.5,3.382813,21.5,14.53125,34.21875,19.875,12.890625,19.375,11.78125
10/1/1998,-1.42,1.8,1098.670044,163.9,89.1686,124,14.41529,23.832685,53.3125,18.375,4.070313,22,15.53125,33.90625,23,12.765625,26,13.5
11/1/1998,-1.39,1.7,1163.630005,164.1,89.1127,123.6,15.873015,24.464981,57.125,18.875,3.695313,23.25,16.6875,33.625,20.6875,14.53125,22.875,13.46875
12/1/1998,-1.65,2.3,1229.22998,164.4,89.4388,122.8,14.793219,24.513618,55,19.4375,4.09375,24.75,16.90625,31.09375,21.25,14,21.375,13.71875
1/1/1999,-1.7,3,1279.640015,164.7,89.8617,122.9,13.065544,25.291828,46.9375,20.984375,4.398438,25,14.75,28.125,20.9375,13.515625,18.1875,13.625
2/1/1999,-1.31,1.6,1238.329956,164.7,90.3253,122.3,13.065544,23.394941,40.1875,20.15625,4.5,23.75,14.3125,31.125,20.5,12.796875,19.9375,14.125
3/1/1999,-0.91,2.1,1286.369995,164.8,90.4709,122.6,12.687614,19.941635,40.6875,18.890625,4.453125,22.25,14.5,28.03125,20.6875,12.34375,20.4375,13.15625
4/1/1999,-1.01,2.3,1335.180054,165.9,90.7285,123.6,12.957564,19.357977,40.75,18.28125,4.59375,21.5,15.15625,26.3125,20.6875,16.25,25,14.84375
5/1/1999,-1.02,0.4,1301.839966,166,91.3499,124.7,12.957564,20.282101,44.25,20.09375,4.953125,20.625,15.1875,27.125,23,16.546875,20.9375,14.84375
6/1/1999,-1.06,0.4,1372.709961,166,91.199,125.2,13.335493,20.719845,46.375,20.09375,5.03125,22.25,15.78125,29.6875,22.5,17.078125,17.375,14.90625
7/1/1999,-1.05,0.9,1328.719971,166.7,91.7767,125.7,12.039737,19.892996,44,20.703125,4.929688,24.125,16.53125,29,18.6875,17.4375,18.25,16.34375
8/1/1999,-1.2,0.6,1320.410034,167.1,92.1675,126.9,11.791383,19.066149,44.1875,20.9375,5.03125,23,16,26.78125,16.0625,14.5625,15.9375,16.3125
9/1/1999,-1.1,-0.1,1282.709961,167.8,91.7812,128,10.997732,17.558365,39.125,20.28125,5.164063,21.125,16.53125,24.34375,16.4375,12.0625,14.5625,17.53125
10/1/1999,-1.19,1.6,1362.930054,168.1,92.9976,127.7,11.111111,20.282101,45,21.796875,5.390625,19.875,15.6875,25.25,15.25,10.171875,12.75,19.21875
11/1/1999,-1.51,1.7,1388.910034,168.4,93.444,128.3,11.22449,18.774319,44.625,18.84375,5.570313,20.125,16.03125,24.5625,17.375,12.125,16.125,19.03125
12/1/1999,-1.7,2.4,1469.25,168.8,94.1555,127.8,10.997732,17.655642,38.6875,17.875,5.078125,19.5,14.875,23.71875,16.25,14.328125,16.375,19.78125
1/1/2000,-1.77,1.1,1394.459961,169.3,94.1717,128.3,10.657597,16.682878,31.4375,15.59375,5.078125,17.5,13.21875,21.25,13.6875,13.4375,16.375,17.78125
2/1/2000,-1.54,2.7,1366.420044,170,94.4329,129.8,9.126985,12.743191,28.375,16.46875,4.171875,17.125,13.6875,21.96875,10.3125,12.078125,13.5,16.40625
3/1/2000,-0.94,2.2,1498.579956,171,94.7926,130.8,9.353742,14.105059,30.75,18.09375,4.109375,18,16.125,24.375,11.125,14.125,14.6875,18.0625
4/1/2000,-0.76,2,1452.430054,170.9,95.4898,130.7,9.013605,14.688716,26,18.1875,3.8125,16,15.59375,22.75,10.4375,14.546875,15.4375,18.8125
5/1/2000,-0.74,0.6,1420.599976,171.2,95.6421,131.6,10.827664,17.947472,31,19.84375,4.328125,17.625,16.25,25.9375,9.875,15.1875,15.375,21.0625
6/1/2000,-0.65,-0.3,1454.599976,172.2,95.7364,133.8,8.900227,14.83463,29.125,19.125,4.207025,19.25,16.25,24.25,8.75,14.5117,13.0156,21.0625
7/1/2000,-0.55,-0.3,1430.829956,172.7,95.5982,133.7,8.503402,15.904669,26.5,17.1875,4.046875,18,14.65625,23.125,9.375,15.0625,13.8125,19.6875
8/1/2000,-0.47,1.2,1517.680054,172.7,95.3172,132.9,8.407714,14.250973,25.375,16.070299,3.859375,19.1875,14.59375,21.34375,9.1875,16.953125,14.6875,21.15625
9/1/2000,-0.53,1.4,1436.51001,173.6,95.6844,134.7,8.214286,15.612841,25.875,17.75,4.171875,24.3125,14.875,27.0625,10,16.765625,14.5,23.15625
10/1/2000,-0.65,1.8,1429.400024,173.9,95.3974,135.4,10.476191,16.634241,29.25,20.875,4.203125,22.25,15.84375,27.15625,11.1875,19,12.9375,26.09375
11/1/2000,-0.71,3,1314.949951,174.2,95.4158,135,12.142858,19.795719,33.375,20.5625,4.6875,24.0625,18.625,31.625,14,16.96875,11.875,27.625
12/1/2000,-0.88,1.3,1320.280029,174.6,95.1619,136.2,14.285714,20.233463,34.625,22.28125,4.65625,27.950001,18.03125,32.1875,12.75,17.921875,15.5625,30
1/1/2001,-0.74,1.6,1366.01001,175.6,94.5502,140,14.219048,18.210117,32.900002,20.950001,4.8225,24.65,18.225,29.75,13.6,17.59,15.82,26.92
2/1/2001,-0.62,2.8,1239.939941,176,93.9755,137.4,14.333333,15.315175,29.93,22.424999,5.375,25.9,19.65,32.044998,12.61,19.190001,13.75,27.26
3/1/2001,-0.43,1.5,1160.329956,176.1,93.7253,135.9,12.523809,14.194552,29.870001,21.504999,4.87,26.200001,20.995001,34.66,13.47,18.41,12.3,26.51
4/1/2001,-0.38,0.3,1249.459961,176.4,93.4567,136.4,11.342857,16.194553,30.440001,19.705,5.155,26.16,19.65,30.205,13.77,17.922501,12,28.120001
5/1/2001,-0.21,-0.8,1255.819946,177.3,92.8842,136.8,12.857142,16.225681,29.540001,21.18,5.8975,25.02,20.200001,30.32,12.74,19.08,11.09,29.73
6/1/2001,-0.05,0.5,1224.380005,177.7,92.3317,135.5,12.428572,15.416343,25.75,21.889999,6.085,26,21.01,30.855,9.21,17.139999,10.2,27.15
7/1/2001,0.07,-0.3,1211.22998,177.4,91.8098,133.4,12.752381,16.723736,27.360001,21.99,6.325,27.15,21.344999,30.18,10.3,16.6325,11.3,26.84
8/1/2001,-0.03,-0.7,1133.579956,177.4,91.6849,133.4,13.43,17.859922,28.190001,22.17,6.3675,27.98,22.6,32.240002,10.55,15.6225,11.81,28.02
9/1/2001,-0.21,0.3,1040.939941,178.1,91.3345,133.3,12.59,17.470818,28,22.75,5.905,25.65,22.9,32.685001,10.02,12.2475,9,25.540001
10/1/2001,-0.1,-0.1,1059.780029,177.6,90.9389,130.3,13.93,17.821012,28.24,22.959999,6,33.450001,21.879999,31.865,9.79,11.865,10.75,24.110001
11/1/2001,-0.29,1.1,1139.449951,177.5,90.4853,129.8,15.39,17.875486,29.309999,24.674999,6.26,35.209999,21.5,32.73,12.03,13.3875,11.75,24.59
12/1/2001,-0.37,-1.4,1148.079956,177.4,90.515,128.1,14.35,18.498055,29.870001,26.004999,6.7175,35.380001,20.985001,33.849998,11.55,14.875,13,26.219999
1/1/2002,-0.16,0.7,1130.199951,177.7,91.0881,128.5,13.94,19.29961,28.450001,24.775,6.4975,32.02,22.1,35.185001,12.62,9,13.55,29.620001
2/1/2002,-0.03,1.8,1106.72998,178,91.0698,128.4,13.85,18.217899,26.74,23.115,6.8425,34.939999,24.5,35.325001,12.99,9.4375,13.3,29.57
3/1/2002,0.05,-0.4,1147.390015,178.5,91.8012,129.8,13.93,18.871595,26.799999,24.424999,6.8375,33.799999,25.565001,34.27,12.48,10.48,14.75,29.82
4/1/2002,0.13,-0.1,1076.920044,179.3,92.1815,130.8,13.27,19.066149,27.610001,22.025,6.175,34.700001,25.639999,34,14.02,9.675,12.6,29.01
5/1/2002,0.43,-1.4,1067.140015,179.5,92.5668,130.8,14.55,19.151751,28.25,22.75,6.1025,33.299999,26.26,33.365002,14.76,8.875,14.02,27.85
6/1/2002,0.85,-0.4,989.820007,179.6,93.4503,130.9,12.79,21.517509,27.66,22.040001,5.985,34.130001,25.75,31.25,15.51,7.5425,12.5,27.219999
7/1/2002,0.86,-0.8,911.619995,180,93.2282,131.2,11.7,19.540855,23.299999,20.725,5.9075,33.5,22.75,39.23,12.65,6.16,10.85,26.049999
8/1/2002,0.89,-1.6,916.070007,180.5,93.227,131.5,12.19,20.459145,23.15,21.045,5.7075,36.349998,23.15,37.875,12.42,7.0775,13.24,28.360001
9/1/2002,1.08,-1,815.280029,180.8,93.3597,132.3,12.51,19.338522,22.08,22.209999,5.47,36.700001,22.799999,31.025,11.63,6.455,12.05,28.389999
10/1/2002,1.29,-0.6,885.76001,181.2,93.0804,133.2,13.62,18.871595,21.08,20.66,6.05,36.610001,22.24,32.535,11.07,7.6475,11,31.68
11/1/2002,1.54,-0.7,936.309998,181.5,93.5589,133.1,13.33,18.964981,24.15,22.309999,5.5875,39.130001,23.790001,32.195,11.8,7.085,13.05,29.42
12/1/2002,1.41,-1.8,879.820007,181.8,93.1088,132.9,12.4,19.463036,23.469999,23.475,5.8325,39.810001,23.200001,33.720001,11.22,6.83,10.67,29.790001
1/1/2003,0.6,-0.3,855.700012,182.6,93.6494,135.3,12.05,19.089495,23.969999,22.465,5.6275,40,22.4,32.25,10.31,4.995,9.77,29.370001
2/1/2003,0.65,-1.1,841.150024,183.6,93.9475,137.6,10.9,17.953308,20.74,21.434999,5.2525,34.25,23.129999,32.305,9.2,3.8825,8.81,27.120001
3/1/2003,0.41,-0.5,848.179993,183.9,93.735,141.2,10.8,15.626459,21,22.775,5.2925,34.970001,24.139999,31.33,7.75,3.92,9.62,25.440001
4/1/2003,-0.03,-0.2,916.919983,183.2,93.0815,136.8,11.08,16.342413,22.030001,22.555,5.7525,36.279999,24.790001,32.625,9.63,4.53,9.06,28.73
5/1/2003,-0.49,-0.5,963.590027,182.9,93.1002,136.7,11.97,18.887159,24.950001,23.389999,5.875,37.650002,26.9,35.549999,9.5,5.1975,8.74,30.940001
6/1/2003,-0.15,-1,974.5,183.1,93.2544,138,12.87,18.365759,24.5,23.705,5.925,39.889999,27.200001,34.830002,10.62,5.6575,6.71,30.040001
7/1/2003,0.32,0.5,990.309998,183.7,93.6579,137.7,13.14,17.533073,24.15,22.934999,5.445,40.040001,25.559999,36.404999,11.33,5.975,7.31,30.129999
8/1/2003,0.28,0.2,1008.01001,184.5,93.5162,138,13.87,17.120623,24.200001,23.18,5.4,40.48,26.700001,34.950001,11.2,6.2225,7.83,31.459999
9/1/2003,0.26,-0.2,995.969971,185.1,94.0695,138.5,13.11,16.529182,26.5,23.535,5.745,42.16,27.42,36.34,14.13,6.3,6.41,32.709999
10/1/2003,0.47,0,1050.709961,184.9,94.2091,139.3,14.35,18.552528,25.92,22.424999,6.1725,43.77,29.639999,38.549999,14.27,7.0025,6.99,33.66
11/1/2003,0.41,-0.5,1058.199951,185,94.937,138.9,14.29,19.066149,25.610001,22.504999,6.7025,45.93,28.690001,38.849998,13.65,7.485,7.27,36.32
12/1/2003,0.47,1.8,1111.920044,185.5,94.8627,139.5,15.22,20.536964,26.799999,22.65,6.4525,45.290001,30.1,38.494999,13.24,8.5325,9.93,37.23
1/1/2004,0.26,-2.2,1131.130005,186.3,95.1113,141.4,15.66,20.186769,26.33,22.715,6.7425,46.59,29.68,37.755001,15.38,8.5475,11.31,37.93
2/1/2004,0.24,2,1144.939941,186.7,95.6793,142.1,17.200001,21.159533,27.959999,22.99,6.93,50.580002,31.27,41.450001,15.88,9.3625,11.3,39.650002
3/1/2004,0.17,0.7,1126.209961,187.1,95.2063,143.1,16.870001,20.964981,27.27,23.34,7.3325,52.779999,33.52,41.424999,18.049999,10.705,14.3,39.049999
4/1/2004,0.18,-1.5,1107.300049,187.4,95.6346,144.8,17.559999,22.482491,27.629999,24.375,7.6225,52.299999,34.16,44.445,18.74,10.7225,12.57,38.25
5/1/2004,0.18,1.7,1120.680054,188.2,96.3952,146.8,16.629999,21.883268,25.51,23.025,7.8125,48.900002,35.450001,44.365002,20.52,10.1425,12.45,37.5
6/1/2004,0.27,-1.4,1140.839966,188.9,95.6045,147.2,16.780001,21.073931,26.879999,23.764999,7.775,45.91,34,46.27,20.950001,10.7775,13.4,35.869999
7/1/2004,0.6,-0.8,1101.719971,189.1,96.3379,147.4,15.43,20.233463,25.59,22.450001,7.42,41.810001,35.77,48.439999,19.059999,10.9875,13.65,34.450001
8/1/2004,0.78,-0.5,1104.23999,189.2,96.4107,148,15.97,20.389105,25.959999,23.625,6.675,45.98,33.549999,48.279999,16.48,11.5575,15.94,32.139999
9/1/2004,0.8,-0.6,1114.579956,189.8,96.4943,147.7,16.98,20.007782,26.290001,22.450001,6.695,44.41,34.34,46.709999,16.02,12.1425,17.389999,29.92
10/1/2004,0.77,-0.1,1130.199951,190.8,97.4107,150,19.370001,20.544746,26.84,22.125,7.0275,44.5,35.43,50.689999,14.5,10.9625,15.04,32.27
11/1/2004,0.73,-1.1,1173.819946,191.7,97.6207,151.4,21.200001,21.050583,28.530001,22.745001,7.6525,45.48,36.450001,51.799999,16.389999,12.3875,17.379999,34.75
12/1/2004,0.78,-1.3,1211.920044,191.7,98.3284,150.2,22.309999,22.918287,29.889999,24.855,7.8375,47.07,38.599998,55.540001,18.4,12.075,16.32,38.169998
1/1/2005,0.66,0.6,1181.27002,191.6,98.7904,150.9,24.200001,22.957199,29.32,26.495001,7.875,46.650002,37.169998,58.490002,17.17,11.7975,16.5,34.970001
2/1/2005,0.37,-5.2,1203.599976,192.4,99.455,151.6,24.1,21.2607,27.700001,26.184999,7.7875,49.16,37.990002,63,17.02,12.34,16.459999,34.419998
3/1/2005,0.49,0.5,1180.589966,193.1,99.3156,153.7,24.58,21.027237,29.02,24.575001,7.7775,50.299999,34.43,60.459999,16.68,13.3625,17.059999,35.799999
4/1/2005,0.37,-1,1156.849976,193.7,99.4648,155,17.99,20.817122,29.74,24.700001,7.785,49.619999,34.59,63.900002,16.889999,12.25,12.85,34.599998
5/1/2005,0.42,-1.3,1191.5,193.6,99.597,154.3,19.85,20.350195,31.030001,24.75,7.405,49.810001,33.84,64.209999,18.459999,13.8625,13.08,37.16
6/1/2005,0.18,0.7,1191.329956,193.7,99.9838,154.3,21.379999,18.023346,30.77,23.395,7.3325,46.939999,32.68,62.099998,17.799999,14.035,15.56,36.189999
7/1/2005,-0.12,0.3,1234.180054,194.9,99.6737,156.3,22.940001,17.673151,30.85,23.700001,7.4025,47.57,34.779999,63.869999,18.639999,15.12,17.4,36.060001
8/1/2005,-0.03,-0.6,1220.329956,196.1,99.9451,157.6,22.51,17.766537,29.4,23.059999,7.9725,47.720001,33.91,59.09,17.780001,14.24,16.15,33.380001
9/1/2005,-0.04,0.6,1228.810059,198.8,98.0824,162.2,24.66,19.2607,29.75,24.1,8.2475,48.540001,32.630001,56.310001,18.049999,14.305,16.02,31.370001
10/1/2005,-0.02,2,1207.01001,199.1,99.3185,166.2,24.370001,18.10895,29.1,24.129999,7.95,45.709999,30.290001,56.830002,17.799999,13.61,13.2,31.91
11/1/2005,-0.51,-0.3,1249.47998,198.1,100.3282,163.7,23.57,16.731518,30.209999,23.764999,8.2,45.349998,31.219999,54.220001,16.83,13.2925,13.54,32.32
12/1/2005,-0.89,0,1248.290039,198.1,100.9458,163,24.66,15.782102,29.77,24.66,8.17,44,30.92,55.25,17.1,13.2925,14.63,31.049999
1/1/2006,-0.92,2.7,1280.079956,199.3,101.0637,164.3,31.5,16.132296,29.93,24.305,8.3825,43.5,30.209999,51.200001,14.33,14.105,15.46,30.68
2/1/2006,-0.66,0.2,1280.660034,199.4,101.0761,161.8,31.719999,16.365759,31.129999,24.625,8.6075,39.52,32.830002,51.150002,13.53,15.2025,15.9,30.09
3/1/2006,-0.66,2.9,1294.869995,199.7,101.2742,162.2,33.650002,16.70039,32.400002,25.34,8.45,39.700001,33.860001,52.23,13.74,15.495,14.35,32.049999
4/1/2006,-0.21,1.8,1310.609985,200.7,101.6854,164.3,36.34,17.649805,32.139999,24.67,8.39,39.259998,34.830002,53.34,14.6,15.89,15,29.889999
5/1/2006,0.04,-0.8,1270.089966,201.3,101.5801,165.8,41.57,17.587549,35.189999,25.945,8.9775,41.459999,34.450001,56.91,16.01,16.1425,15.56,30.58
6/1/2006,0.14,-0.4,1270.199951,201.8,101.9746,166.1,41.279999,17.206226,37.110001,25.83,9.285,44.700001,33.549999,55.07,14.86,16.0975,15.65,30.559999
7/1/2006,0.12,-1,1276.660034,202.9,101.9374,166.8,44,16.731518,36.68,25.950001,9.4325,44.630001,35.060001,54.970001,14.15,15.4225,15.69,27.6
8/1/2006,0.33,-1.7,1303.819946,203.8,102.3309,167.9,41.169998,18.5214,37.57,27.115,9.1625,48.630001,36.419998,53.959999,14.73,15.28,16.24,31.389999
9/1/2006,0.59,-1,1335.849976,202.8,102.1204,165.4,37.880001,19.050583,36.5,28.299999,8.995,47.950001,37.98,53.450001,15.88,16.0175,16.9,33.450001
10/1/2006,0.74,-2.1,1377.939941,201.9,102.0653,162.2,38.5,20.350195,37.380001,28.41,9.0275,49,37.400002,52.91,14.45,17.137501,18.719999,34.98
11/1/2006,1.06,0.1,1400.630005,202,101.9538,164.6,35.099998,20,38.07,27.975,9.47,48.080002,38.720001,52.970001,15.89,17.719999,21.299999,35.849998
12/1/2006,1.18,-0.5,1418.300049,203.1,103.026,165.6,31.959999,21.011673,38.889999,28.799999,9.335,48.470001,38.560001,49.799999,16.450001,19.137501,21.360001,36.759998
1/1/2007,0.69,-1.3,1438.23999,203.437,102.4915,164,32,20.007782,38.48,28.620001,9.475,47.490002,39.040001,51.040001,17.75,19.4625,19.92,34.549999
2/1/2007,0.14,-0.1,1406.819946,204.226,103.5443,166.8,34.349998,19.618677,40.860001,28.16,9.1225,49.540001,38.290001,52.900002,18.25,18.4025,25.440001,32.959999
3/1/2007,-0.13,0.3,1420.859985,205.288,103.7537,169.3,36.700001,19.385214,38.950001,29.110001,9.2975,53.32,38.52,54.66,19.41,18.8575,26.66,33.830002
4/1/2007,-0.21,-0.2,1482.369995,205.904,104.5018,171.4,38.700001,19.128405,39.099998,29.950001,9.5225,55.82,37.119999,54.959999,20.959999,19.2325,29.5,32.740002
5/1/2007,-0.35,-0.2,1530.619995,206.755,104.5419,173.3,35.040001,19.844358,39.700001,30.620001,9.3625,57.700001,37.290001,52.709999,22.290001,20.915001,35.130001,33.119999
6/1/2007,-0.22,0.9,1503.349976,207.234,104.5669,173.8,33.09,20.902723,38.810001,29.209999,9.3375,63.66,38.18,50.619999,23.040001,22.3475,39.02,32.990002
7/1/2007,-0.47,-0.5,1455.27002,207.603,104.5217,175.1,33.599998,19.727627,36.830002,27.809999,8.605,55.810001,34.16,46.099998,21.299999,22.282499,37.560001,31.879999
8/1/2007,-0.7,0.7,1473.98999,207.667,104.7387,172.4,33.700001,20.007782,37.75,27.940001,8.9075,55.009998,35.84,46.5,21.549999,22.5,42.02,33.380001
9/1/2007,-1.12,0.3,1526.75,208.547,105.1499,173.5,33.080002,20.334631,37,29.004999,8.945,53.419998,35.970001,46.41,17.85,26.01,53.52,35.59
10/1/2007,-1.35,1.2,1549.380005,209.19,104.7167,174.7,35.779999,18.466927,36.98,28.865,9.12,53.43,35.029999,43.110001,15.8,28.75,69.800003,34.290001
11/1/2007,-1.46,1.4,1481.140015,210.834,105.3037,179,36.349998,19.470818,36.720001,30.075001,9.9375,49.130001,38.209999,39.91,14.91,27.360001,69.150002,32.509998
12/1/2007,-1.55,2.7,1468.359985,211.445,105.353,178.6,46.43,18.513618,35.73,28.5,10.12,51.439999,37.91,39.400002,15.33,27.275,94.339996,31.209999
1/1/2008,-1.69,2.9,1378.550049,212.174,105.073,181,43.98,16.715954,31.559999,27.26,9.685,46.779999,33.610001,36.169998,14.22,26.58,90.93,29
2/1/2008,-1.66,4.4,1330.630005,212.687,104.7137,182.7,45.099998,17.198444,32.290001,27.995001,10.215,51.189999,34.450001,37.080002,14.41,28.305,111.300003,28.059999
3/1/2008,-1.16,2.4,1322.699951,213.448,104.4635,187.9,41.16,18.638132,33.950001,29.940001,10.415,50.610001,36.970001,37.669998,15.95,27.745001,102.599998,29.02
4/1/2008,-0.88,1.1,1385.589966,213.942,103.6727,190.9,44.060001,18.334631,34.799999,30.200001,9.8525,49.880001,37.790001,37.380001,17.799999,31.389999,122.510002,30.57
5/1/2008,-0.72,-0.1,1400.380005,215.208,103.085,196.6,39.700001,18.350195,33.48,31.6,9.4475,52.790001,37.580002,39.189999,18.84,36.990002,125.32,30.860001
6/1/2008,-0.55,1,1280,217.463,102.8361,200.5,33.75,15.003891,33.459999,30.385,8.6525,40.639999,35.66,32.779999,14.94,38.720001,144.699997,27.51
7/1/2008,-0.19,0.5,1267.380005,219.016,102.2939,205.5,28.629999,16.871595,36.380001,32.195,9.0425,48.740002,40.099998,36.77,14.9,37.185001,127.209999,28.360001
8/1/2008,-0.11,1.7,1282.829956,218.69,100.7209,199,25.459999,16.552528,36.810001,33.09,8.915,54.23,40.450001,36.09,14.52,36.77,106.739998,31.83
9/1/2008,-0.26,2,1166.359985,218.877,96.3567,196.9,21.91,15.143969,38.599998,34.360001,9.07,50.689999,38.450001,39.540001,11.94,25.695,68.019997,30.83
10/1/2008,-0.31,2.1,968.75,216.995,97.2844,186.4,20.73,13.55642,37.950001,33.869999,7.065,44.560001,33.66,37.240002,8.74,21.77,39.41,26.200001
11/1/2008,-0.38,2.2,896.23999,213.153,96.0552,176.8,27.379999,11.4786,32.049999,31.584999,6.64,45.369999,29.77,36,6.71,21.85,30.35,23.450001
12/1/2008,-0.82,2.4,903.25,211.398,93.252,170.9,28.83,12.840466,30.01,30.375,7.77,43.360001,31.860001,34.740002,8.76,22.365,34.599998,22.940001
1/1/2009,-0.9,1.8,825.880005,211.933,91.0332,171.2,27.379999,13.307393,30.370001,29.575001,7.4575,45.150002,32.040001,37.279999,8.85,22.309999,35.669998,22.290001
2/1/2009,-0.78,3.1,735.090027,212.705,90.4375,169.3,26.66,11.735409,26.77,26.24,7.9575,37.119999,31.35,33.689999,8.43,20.215,43.049999,21.5
3/1/2009,-0.65,0.7,797.869995,212.495,89.0085,168.1,27.780001,13.128405,27.360001,24.940001,7.9275,37.27,29.57,34.75,9.39,21.57,41.98,22.799999
4/1/2009,-0.24,1.3,872.809998,212.709,88.2959,169.1,24.620001,13.774319,25.719999,25.344999,7.8225,39.400002,29.450001,36.139999,10.54,24.365,40.450001,23.33
5/1/2009,0.18,-0.2,919.140015,213.022,87.4078,170.8,27.52,14.466926,27.719999,25.59,8.685,40.259998,30.52,35.220001,13.32,27.174999,54.700001,23.959999
6/1/2009,0.45,0.2,919.320007,214.79,87.0694,174.1,26.77,14.832685,29.42,28.01,8.635,48.66,32.529999,36,12.61,23.65,44.299999,22.48
7/1/2009,0.6,0.4,987.47998,214.726,88.0285,172.5,30.120001,15.276264,31.030001,29.455,8.9775,50.029999,32.220001,39.950001,11.43,24.32,52.150002,23.76
8/1/2009,0.58,-0.3,1020.619995,215.445,89.0244,175,28.83,15.976654,31.360001,29.865,9.2375,52.27,32.57,39.23,11.99,23.85,48.470001,25.49
9/1/2009,0.67,0.5,1057.079956,215.861,89.6975,174.1,29.219999,16.871595,32.619999,32.189999,8.88,53.009998,33.939999,38.860001,12.63,28.125,48.07,24.85
10/1/2009,0.93,-2,1036.189941,216.509,89.9906,175.2,30.120001,16.342413,31.75,32.959999,9.115,52.73,35.009998,37.790001,12.52,25.549999,46.73,26.450001
11/1/2009,1.53,-1,1095.630005,217.234,90.3515,177.4,30.809999,17.268482,34.970001,34,9.38,59.080002,35.68,35.369999,12.02,27.995001,54.450001,27.040001
12/1/2009,1.78,-1.2,1115.099976,217.347,90.6212,178.1,31.309999,17.937744,33.799999,35.404999,9.6125,61.75,36.130001,35.790001,12.27,27.879999,59.73,27.940001
1/1/2010,1.51,-1.8,1073.869995,217.488,91.6849,181.9,29.969999,17.696499,33.110001,35.654999,9.675,60.07,36.299999,36.43,13.82,25.469999,53.509998,27.99
2/1/2010,1.26,-2.4,1104.48999,217.281,92.0073,181,29.360001,19.035019,33.330002,36.005001,10.2775,59.68,37.110001,39.759998,17.040001,28.584999,58.389999,28.9
3/1/2010,0.95,-1.1,1169.430054,217.353,92.6104,183.3,28.9,19.509727,35.349998,35.395,10.5025,60.259998,38.360001,42.810001,19.15,30.27,60.77,29.5
4/1/2010,0.49,2,1186.689941,217.403,92.96,184.4,27.940001,19.042801,35.860001,35.580002,10.19,61.07,39.57,47.009998,19.59,31.82,51.139999,31.540001
5/1/2010,-0.1,1.5,1089.410034,217.29,94.2988,184.8,25.27,18.817122,35.810001,35.615002,9.95,55.220001,38.57,46.799999,17.58,30.275,46.169998,29.809999
6/1/2010,-0.55,0.6,1030.709961,217.199,94.4319,183.5,25.82,18.14786,35.830002,35.52,10.12,60.220001,37.959999,47.93,16.389999,28.715,38.98,28.57
7/1/2010,-0.96,3,1101.599976,217.605,94.836,184.1,27.360001,18.272373,35.900002,34.200001,10.73,61.43,39.330002,47,17.51,31.245001,47.650002,30.969999
8/1/2010,-1.37,3,1049.329956,217.923,95.1423,184.9,30.809999,16.801556,37.259998,36.16,10.7875,58.48,39.869999,46.470001,16.379999,31.139999,58.66,27.49
9/1/2010,-1.61,3.7,1141.199951,218.275,95.35,184.9,31.92,17.073931,35.75,36.540001,11.15,60.529999,42.040001,47.59,16.02,34.205002,58.759998,28.52
10/1/2010,-1.64,2.9,1183.26001,219.035,95.0991,186.6,33.32,17.501945,36.25,37.560001,11.48,64.279999,44.200001,49.490002,15.55,36.549999,73.160004,29.459999
11/1/2010,-1.57,2.1,1180.550049,219.59,95.1376,187.7,28.99,16.715954,33.900002,35.330002,12.27,63.25,44.009998,46.799999,15.83,38.91,67.629997,29.02
12/1/2010,-1.57,4.8,1257.640015,220.472,96.0339,189.7,30.08,17.571985,34.75,35.59,12.815,65.650002,46.529999,47.150002,17.219999,39.945,76.360001,29.4
1/1/2011,-1.55,3.8,1286.119995,221.187,95.9363,192.7,32.669998,17.377432,34.139999,34.779999,12.35,62.16,44.200001,46.689999,16.450001,38.029999,81.040001,29.139999
2/1/2011,-1.1,4.5,1327.219971,221.898,95.5147,195.8,37.18,18.023346,33.66,37.139999,13.7,68.839996,47.650002,52.32,18.629999,38.720001,85.849998,27.790001
3/1/2011,-0.88,4.2,1325.829956,223.046,96.4651,199.2,36.009998,18.482491,33.110001,36.549999,13.92,71.389999,47.830002,54.349998,19.190001,42.465,78.75,27.700001
4/1/2011,-0.66,3.1,1363.609985,224.093,96.1325,203.1,37.02,19.027237,33.59,38.580002,14.705,75.07,49.119999,57.709999,19.9,44.139999,74.860001,28.91
5/1/2011,-0.4,0.6,1345.199951,224.806,96.3347,204.1,32.41,19.789883,34.75,39.77,14.665,79.279999,50.189999,55.73,19.02,42.174999,70.849998,32.209999
6/1/2011,-0.24,0.4,1320.640015,224.806,96.5889,203.9,30.15,20.085604,34.549999,37.220001,14.905,76.440002,49.57,56.849998,19.42,43.009998,67.730003,31.18
7/1/2011,-0.31,1.6,1292.280029,225.395,97.1011,204.6,30.379999,19.92996,33.049999,37.349998,14.485,77.919998,48.650002,56.439999,17.559999,43.785,70.720001,30.59
8/1/2011,-0.63,0.7,1218.890015,226.106,97.6642,203.2,28.48,19.003891,31.870001,37.91,13.805,72.089996,47.790001,58.650002,17.469999,37.965,71.129997,27.93
9/1/2011,-0.81,1.7,1131.420044,226.597,97.6132,203.7,24.809999,18.848249,32.369999,38.490002,13.51,72.889999,46.16,59.240002,17.360001,34.580002,48.970001,25.9
10/1/2011,-1.01,1.2,1253.300049,226.75,98.2931,201.1,28.940001,19.712063,33.25,38.529999,14.735,77.019997,48.560001,57.23,19.299999,39.445,58.560001,27.719999
11/1/2011,-1.11,1.8,1246.959961,227.169,98.2325,201.4,30.120001,19.657587,32.599998,39.950001,15.055,75.980003,48.700001,57.68,20.139999,41.959999,52.759998,28.540001
12/1/2011,-1.02,4.1,1257.599976,227.223,98.7699,199.8,28.6,20.544746,33.240002,40.41,14.645,78.169998,50.419998,61.779999,20.639999,43.02,50.43,29.33
1/1/2012,-0.88,1.8,1312.410034,227.842,99.3672,200.7,28.629999,20.754864,31.700001,39.830002,14.39,78.779999,50.540001,61.080002,18.639999,46.34,55.970001,30.110001
2/1/2012,-0.66,0.8,1365.680054,228.329,99.6443,201.6,31.200001,20.428015,33.32,38.310001,14.235,75.32,50.450001,60.700001,18.91,49.485001,57.75,29.42
3/1/2012,-0.57,1.2,1408.469971,228.807,99.1594,204.2,31.66,20.435797,33.849998,39.450001,14.76,81.360001,54.43,61.330002,19.15,52.93,55.290001,29.860001
4/1/2012,-0.39,-0.4,1397.910034,229.187,99.9173,203.7,30.83,20.093386,33.830002,38.889999,14.53,79.629997,55.91,67.010002,18.25,55.224998,52.82,28.9
5/1/2012,-0.2,0.1,1310.329956,228.713,100.0956,201.9,31.879999,19.571985,31.700001,38.279999,14.955,76.559998,56.360001,66.860001,19.370001,50.970001,47.68,27.91
6/1/2012,0.16,-0.7,1362.160034,228.524,100.0478,199.8,29.52,20.178988,33.380001,38.540001,15.21,75.519997,60.650002,72.029999,18.83,53.48,54.759998,29.809999
7/1/2012,0.36,-0.1,1379.319946,228.59,100.3144,200.1,26.09,19.214008,33.110001,38.700001,13.955,76.800003,60.880001,71.739998,15.01,54.700001,58.110001,29.389999
8/1/2012,0.49,-0.3,1406.579956,229.918,99.9036,202.7,26.75,19.540855,35.139999,39.330002,14.36,84.970001,61.439999,71.82,15.66,54.32,57.91,30.299999
9/1/2012,0.38,0.4,1440.670044,231.015,99.8944,204.4,27.18,21.470818,34.82,39.849998,14.62,86.330002,62.040001,70.889999,16.02,55.380001,57.610001,31.27
10/1/2012,0.31,0.5,1412.160034,231.638,100.1192,203.5,26.84,21.665369,35.27,40.080002,14.765,85.639999,61.619999,68.849998,16.809999,53.52,52.34,31.07
11/1/2012,0.23,0.4,1416.180054,231.249,100.61,201.8,26.700001,23.237354,36.75,40.990002,15.505,88.459999,64.559998,73.269997,19.17,55.459999,54.060001,31.65
12/1/2012,-0.22,-1,1426.189941,231.221,100.9267,201.5,27.389999,22.957199,34.889999,40.419998,15.605,86.239998,63.529999,72.220001,19.4,58.52,56.630001,31.66
1/1/2013,-0.54,-0.1,1498.109985,231.679,100.8779,202.5,28.530001,25.43969,36.709999,41.939999,17.305,88.629997,62.349998,79.449997,22.120001,61.470001,61.25,31.77
2/1/2013,-0.51,-0.4,1514.680054,232.937,101.4265,204.3,31.860001,26.544746,41.16,46.25,18.705,95.300003,67.269997,83.339996,22.67,60.259998,58.540001,32.16
3/1/2013,-0.21,2.5,1569.189941,232.282,101.8186,204,33.73,27.867704,45.360001,49.310001,20.66,99.160004,73.550003,87.529999,24.82,57.029999,59.610001,35.169998
4/1/2013,-0.14,0.4,1597.569946,231.797,101.695,203.5,33.939999,27.525291,46.41,50.419998,20.635,103.230003,71.940002,89.160004,24.629999,60.700001,61.59,34.860001
5/1/2013,-0.28,1.3,1630.73999,231.893,101.7517,204.1,32.23,26.217899,42.810001,47.080002,19.91,100.959999,69.080002,89.110001,25,62.709999,60.82,33.799999
6/1/2013,-0.29,2,1606.280029,232.445,101.9486,204.3,33.91,27.182878,44.790001,48.529999,19.290001,103.150002,70.360001,89.279999,25.68,61.060001,53.810001,34.16
7/1/2013,-0.27,1.3,1685.72998,232.9,101.446,204.4,36.470001,28.178988,46.799999,52,21.174999,112.519997,71.610001,94.870003,27.620001,66.160004,41.09,34.509998
8/1/2013,-0.36,0.3,1632.969971,233.456,102.1758,204.2,35.209999,26.319067,43.18,49.32,20.715,106.139999,67.650002,91.949997,28.950001,66.610001,41.650002,32.02
9/1/2013,-0.19,0.5,1681.550049,233.544,102.6774,203.9,36.84,23.610895,40.709999,47.919998,21.059999,105.040001,64.699997,92.5,28.280001,71.720001,43.02,31.83
10/1/2013,-0.16,-0.1,1756.540039,233.669,102.5438,202.5,40.900002,24.754864,42.57,50.419998,21.73,111.209999,69.150002,99.239998,27.67,72.760002,45.849998,32.34
11/1/2013,-0.07,1.2,1805.810059,234.1,102.8625,201.2,40.25,25.673151,38.73,50.43,22.51,104.239998,69,96.889999,31.690001,72.860001,47.900002,33.630001
12/1/2013,-0.13,0.1,1848.359985,234.719,103.1747,202,43.400002,26.225681,43.279999,49.91,22.584999,103.620003,68.919998,97.230003,33.459999,75.459999,47.27,36.099998
1/1/2014,-0.5,2.4,1782.589966,235.288,102.7053,203.8,39.48,24.7393,41.209999,48.02,22.719999,96.389999,64.18,99.400002,37.400002,70.629997,44.66,35.080002
2/1/2014,-0.61,0.1,1859.449951,235.547,103.6016,205.7,40.599998,22.101168,43.310001,50.029999,23.725,100.010002,66.400002,105.82,39.450001,77.18,48.860001,36.02
3/1/2014,-0.23,-1.5,1872.339966,236.028,104.5893,207,43.389999,24.14786,44.880001,51.82,24.635,97.239998,71.739998,104.400002,44.009998,76.559998,50,36.130001
4/1/2014,0.19,1.3,1883.949951,236.468,104.7423,208.3,43.73,23.743191,45.490002,53.02,23.844999,96.68,71.199997,96.239998,41.970001,77,50.040001,36.43
5/1/2014,0.44,0.9,1923.569946,236.918,105.0571,208,44.939999,25.136187,45.900002,54.93,24.605,102.599998,72.309998,97.339996,42.459999,76.559998,49.990002,37.529999
6/1/2014,0.37,0.3,1960.22998,237.231,105.4084,208.3,44.110001,23.097277,45.810001,52.540001,24.674999,106.57,71.589996,97.370003,37.540001,71.190002,49.450001,37.450001
7/1/2014,0.05,-0.3,1930.670044,237.498,105.5609,208,46.400002,23.447472,41.59,50.150002,22.629999,99.639999,65.779999,88.150002,37.209999,65.220001,46.110001,35.689999
8/1/2014,-0.01,-1.2,2003.369995,237.46,105.4797,207,49.860001,25.058365,44.82,53.380001,25.34,102.599998,69.690002,91.419998,38.060001,66.139999,47.759998,37.830002
9/1/2014,0.28,-1.2,1972.290039,237.477,105.7908,206.4,51.099998,25.712063,42.73,50.450001,25.695,98.989998,66.900002,95.43,39.369999,57.189999,44.41,37.950001
10/1/2014,0.48,-1,2018.050049,237.43,105.8154,203.4,47,26.731518,44.169998,51.959999,26.955,104,70.720001,95.910004,40.349998,57.349998,44.310001,38.540001
11/1/2014,0.83,-1.5,2067.560059,236.983,106.663,200.9,52.68,28.420233,45.279999,52.75,26.540001,102.57,74.330002,100.279999,42.34,54.400002,45.77,40.259998
12/1/2014,0.75,-0.9,2058.899902,236.252,106.5032,197,52,28.233463,44,53.330002,26.049999,100.980003,74.300003,103.93,40.09,57.029999,45.650002,39.689999
1/1/2015,0.5,-1.4,1994.98999,234.718,105.8772,192,46.630001,27.571985,45.740002,52.48,25.610001,103.150002,71.389999,102.209999,39.040001,57.5,48.689999,39.169998
2/1/2015,0.43,0.4,2104.5,235.236,105.4193,191.1,47.880001,27.22179,46.59,53.790001,29.254999,115.349998,75.379997,103.779999,41.310001,63.41,53.259998,38.990002
3/1/2015,0.52,-1.2,2067.889893,236.005,105.0856,191.5,47.400002,28.428015,46.549999,56.599998,28.424999,115.730003,77.110001,100.910004,38.299999,57.25,46.060001,37.73
4/1/2015,0.81,-0.1,2085.51001,236.156,104.5604,190.9,48.880001,28.132296,44.709999,55.34,27.174999,115.919998,75.300003,91.919998,39.5,59.310001,44,37.029999
5/1/2015,1.04,-1.2,2107.389893,236.974,104.0675,193.4,52.849998,30.046692,48.34,56.150002,28.610001,118.550003,78.5,92.860001,42.450001,57.169998,45.849998,37.16
6/1/2015,1.31,-0.9,2063.110107,237.684,103.6891,194.8,48.220001,34.023346,47.650002,55.720001,28.184999,108.410004,80.949997,88.830002,42.630001,52.549999,46.849998,36.099998
7/1/2015,1.57,-1.9,2103.840088,238.053,104.2443,193.9,47.419998,34.287937,49.310001,58.209999,29.605,111.690002,82.010002,92.889999,44.349998,48.540001,42.939999,36.310001
8/1/2015,1.95,-2.4,1972.180054,238.028,104.1318,191.9,44.830002,32.435799,47.990002,56.759998,30.549999,116.290001,79.279999,90.239998,42.279999,42.310001,40.830002,39.869999
9/1/2015,2.2,-2.7,1920.030029,237.506,103.7281,189.1,41.450001,31.525291,50.68,56.130001,31.655001,114.089996,82.18,91.879997,43.099998,33.91,31.110001,38.970001
10/1/2015,2.41,-2.8,2079.360107,237.781,103.3569,187.5,45.66,31.556419,50.790001,58.110001,33.775002,117.389999,83.980003,88.690002,44.360001,40.709999,33.790001,41.25
11/1/2015,2.8,-0.8,2080.409912,238.016,102.7323,185.7,36.490002,31.85214,52.240002,57.759998,37.459999,121.190002,85.919998,86.309998,50,42.970001,31.639999,41.099998
12/1/2015,2.7,-0.9,2043.939941,237.817,102.2696,183.5,36.68,32.809338,52.549999,57.66,39.540001,123.339996,85.559998,89.269997,53.330002,39.130001,27.59,41
1/1/2016,2.56,-3.6,1940.23999,237.833,103.0314,182.6,35.349998,32.404671,56.41,56.509998,40.205002,128.320007,87.970001,88.110001,53.360001,35.720001,24.1,39.810001
2/1/2016,2.27,-3.2,1932.22998,237.469,102.3429,181.3,34.959999,32.731518,61.75,58.849998,42.509998,127.57,93.260002,90.889999,64.75,37.639999,26.65,44.130001
3/1/2016,1.67,-0.1,2059.73999,238.038,101.5415,182.1,36.310001,34.723736,63.790001,63.349998,43.240002,129.839996,99.480003,92.089996,66.660004,40.369999,27,46.73
4/1/2016,1.01,-2,2065.300049,238.827,101.7479,183.2,39.939999,34.677044,61.709999,61.34,38.549999,126.980003,93.779999,93.110001,65.82,43.259998,27.99,46.07
5/1/2016,0.42,0.7,2096.949951,239.464,101.6011,185.3,42.77,35.564201,60.57,62.779999,34.41,129.149994,97.07,92.849998,63.779999,47.490002,25.23,48.110001
6/1/2016,0.1,1.1,2098.860107,240.167,101.9476,187.6,42.889999,37.206226,66.529999,71.32,36.599998,152.410004,106.669998,113.489998,66.790001,46.310001,26.18,50.740002
7/1/2016,-0.36,0.7,2173.600098,240.15,102.1435,187.7,45.080002,36.389107,62.27,71.889999,37.349998,154.160004,102.25,110.760002,73.599998,47.540001,27,51.790001
8/1/2016,-0.56,1.2,2170.949951,240.602,102.0654,186.6,43.759998,36.272373,60.720001,70.82,38.259998,141.789993,101.959999,99.889999,75.57,46.939999,30.07,51.860001
9/1/2016,-0.58,2,2168.27002,241.051,101.9304,186.9,42.169998,36.66148,54.700001,63.880001,37.93,135.539993,99.919998,95.599998,74.669998,48.34,24.459999,49.009998
10/1/2016,-0.69,-0.4,2126.149902,241.691,102.0557,186.7,43.57,37.494164,54.34,61.98,38.5,131.309998,95.870003,102.459999,70.849998,46.889999,23.530001,48.119999
11/1/2016,-0.68,-0.2,2198.810059,242.029,101.8293,186.3,43.23,36.689999,56.889999,60.939999,34.240002,125.949997,91.199997,96.639999,56.810001,56.119999,28.4,53.25
12/1/2016,-0.47,0.5,2238.830078,242.772,102.7877,188.2,45.650002,38.439999,60.470001,61.77,34.810001,128.059998,93.330002,103.43,61.68,56.560001,29.33,55.369999
1/1/2017,-0.44,0.3,2278.870117,243.78,102.5393,190.7,44.259998,39.09,62.23,62.48,36.299999,135.850006,95.550003,105.470001,62.790001,60.16,31.370001,52.459999
2/1/2017,-0.07,-0.1,2363.639893,243.961,102.1574,191.6,46.970001,41.209999,59.349998,60.369999,35.25,141.729996,98.419998,108.349998,62.560001,57.619999,31.190001,52.720001
3/1/2017,0.08,1.5,2362.719971,243.749,102.7236,191.5,46.040001,40.34,57.240002,59.009998,34.630001,131.080002,97.550003,109.25,61.709999,69.589996,29.18,51.919998
4/1/2017,0.32,-0.3,2384.199951,244.051,103.7148,193,45.75,38.779999,57.540001,57.509998,35.080002,126.720001,99.900002,108.199997,64.260002,73.230003,26.93,52.869999
5/1/2017,0.49,0.4,2411.800049,243.962,103.7121,192.8,41.580002,38.540001,57.650002,56.740002,33.630001,127.849998,104.150002,115.269997,57.34,75.370003,22.629999,54.560001
6/1/2017,0.47,-0.7,2423.409912,244.182,103.771,193.6,41.380001,35.759998,52.150002,55.400002,34.110001,118.330002,97.510002,107.370003,62.630001,73.050003,22.83,50.330002
7/1/2017,0.37,1.3,2470.300049,244.39,103.6206,193.5,42.18,34.240002,52.830002,55.66,34.169998,121.900002,95.300003,105.309998,63.360001,76.379997,24.139999,52.619999
8/1/2017,-0.14,0.9,2471.649902,245.297,103.1956,193.8,41.32,32.459999,46.200001,53.259998,30.74,104.760002,95.129997,104.919998,63.299999,86.220001,19.98,52.669998
9/1/2017,-0.43,1,2519.360107,246.418,103.176,194.8,42.509998,33.740002,46.82,51.759998,32.139999,104.93,102.639999,109.169998,70.449997,89.309998,21.59,53.950001
10/1/2017,-0.52,1.5,2575.26001,246.587,104.7647,194.9,40.869999,34.16,47.369999,51.919998,31.16,106.050003,99.529999,106.18,72.910004,92.860001,22.34,55.619999
11/1/2017,-0.89,1.5,2584.840088,247.332,105.2943,195.9,39.880001,37.330002,49.299999,56.560001,36.450001,116.669998,102.18,110.93,82.25,94.400002,24.290001,57.73
12/1/2017,-0.95,-0.2,2673.610107,247.901,105.7698,196.3,40.080002,37.669998,48.110001,59.290001,36.389999,124.239998,101.910004,113.510002,81.07,94.660004,25.66,60.73
1/1/2018,-0.98,1.8,2823.810059,248.884,105.4371,197.9,42.950001,38,46.549999,58.490002,34.330002,126.889999,108.769997,110.330002,76.110001,91.330002,27.299999,62.869999
2/1/2018,-0.77,-0.8,2713.830078,249.369,105.9166,199.3,41.52,36.130001,43.049999,50.549999,32.459999,126.300003,106.779999,98.260002,74.379997,78.480003,26.32,59.650002
3/1/2018,-0.76,2.4,2640.870117,249.498,106.4488,199.3,43.369999,36.880001,43.310001,45.060001,34.32,124.010002,106.389999,98.959999,73.190002,76.57,24.280001,59.959999
4/1/2018,-0.4,0.8,2648.050049,249.956,107.6624,200.3,45.380001,37.07,40.779999,43.740002,36.25,114.080002,105.410004,91.940002,70.099998,79.730003,26.950001,62.540001
5/1/2018,-0.08,0.6,2705.27002,250.646,106.7781,203.2,43.720001,37.060001,33.639999,42.290001,35.889999,107.5,101,90.040001,67.470001,87.089996,27.49,65.029999
6/1/2018,0.18,-0.2,2718.370117,251.134,107.4443,204.2,45.830002,35.73,40.540001,44.259998,37.209999,107.480003,116.089996,93.059998,68.849998,89.209999,28.049999,68.290001
7/1/2018,0.24,0.4,2816.290039,251.597,107.8948,204.3,48.259998,36.709999,40.900002,46.060001,35.970001,111.120003,117.540001,98.209999,57.650002,89.879997,30.110001,67.209999
8/1/2018,0.11,-0.5,2901.52002,251.879,108.7906,203.4,50.400002,36.75,39.450001,46.009998,39.150002,103.379997,124.879997,100.519997,62.810001,85.449997,31.27,74.82
9/1/2018,0.46,-1.5,2913.97998,252.01,108.9362,203.6,50.27,33.970001,36.630001,42.919998,39.400002,102.610001,131.75,102,59.529999,87.18,32.48,73.25
10/1/2018,0.94,0.6,2711.73999,252.794,109.1487,204.6,47.25,35.599998,37.41,43.799999,43.639999,108.32,144,107.150002,59.919998,78.080002,30.940001,71.330002
11/1/2018,0.98,-0.1,2760.169922,252.76,109.5683,202.3,46.02,32.34,39.200001,42.310001,45.09,104.510002,150,108.300003,58.950001,82.739998,36,67.400002
12/1/2018,0.93,1.7,2506.850098,252.723,109.9487,202.1,40.970001,21.360001,32.990002,38.939999,42.68,93.489998,139.240005,107.18,53.400002,73.959999,29.209999,62.66
