DATE,apparel,,0.005098329,chemicals,,0.006186366,computer,,0.009969629,electrical,,0.003509738,fabricated,,0.009232141,food,,0.009342724,furniture,,0.003531167,machinery,,0.008155628,misc.durable,,0.004270272,misc.nondurable,,0.001968049,nonmetallic,,0.002998065,paper,,0.003866352,petroleum,,0.000878597,plastics,,0.005203655,primary,,0.003754152,printing,,0.004784775,textile.mills,,0.002891728,textile.product,,0.001428276,transport,,0.01153861,wood,,0.003264111
1/1/1994,-1.085268361,0.9882839,0.005038596,-0.747571784,0.9965143,0.006164802,-0.027178691,0.9987226,0.009956894,0.316173662,1.0029979,0.00352026,0.803771267,1.0082462,0.009308271,-0.447692783,1.0006391,0.009348695,0.936234946,1.0026762,0.003540617,0.870024679,1.0081884,0.00822241,0.159250993,1.000939,0.004274282,-0.843696917,0.9940353,0.00195631,0.688081188,1.0033627,0.003008147,-0.025921183,0.9961657,0.003851527,-1.131655409,0.9968227,0.000875805,1.264312271,1.0032338,0.005220483,0.7646742,1.005865,0.00377617,0.567081046,0.9996539,0.004783119,-0.229676558,0.984767,0.002847678,1.274465598,0.9955247,0.001421884,0.357875834,0.9998904,0.011537345,2.083804465,1.0065511,0.003285495
4/1/1994,-0.280569621,0.9867454,0.004971812,-0.893511556,0.9955091,0.006137117,-0.181625548,1.0000615,0.009957506,0.851241627,1.0030605,0.003531034,0.934808963,1.0052382,0.00935703,-0.237292353,0.998124,0.009331157,1.046387686,0.9979161,0.003533239,1.045402074,1.0076832,0.008285584,-0.035882462,1.0000057,0.004274306,-0.909681748,0.9922788,0.001941205,0.892835443,0.9987036,0.003004247,-0.285776353,0.9954058,0.003833833,-0.326907669,0.9959628,0.00087227,1.335015773,1.0023231,0.00523261,0.427533139,1.0024565,0.003785446,0.350989568,0.9965825,0.004766773,-0.406134486,0.981896,0.002796124,0.999490055,0.9984227,0.001419641,0.291232066,0.9951407,0.011481282,1.313974875,1.0032814,0.003296276
7/1/1994,-0.282442027,0.9857376,0.004900902,-0.811892475,0.9962945,0.006114376,0.070069965,1.0009828,0.009967292,0.481111954,1.0001946,0.003531721,1.063953083,1.0070248,0.009422761,0.198839311,0.9973816,0.009306724,1.447144127,1.0011832,0.003537419,0.471573453,1.0060272,0.008335523,0.104851004,1.0003001,0.004275589,-1.149262261,0.9953813,0.001932239,0.359116446,1.001773,0.003009573,-0.006134372,0.9960495,0.003818687,0.48130127,1.0023118,0.000874286,0.827229715,1.0048662,0.005258073,1.011068534,1.0076358,0.003814351,0.421765203,0.9984217,0.004759249,0.337597712,0.9909956,0.002770947,1.228824153,1.0009527,0.001420994,0.669085935,1.004961,0.011538241,1.37378138,1.0007702,0.003298814
10/1/1994,-0.268853659,0.9922782,0.004863058,-0.980991095,0.9942262,0.006079072,0.046959468,1.0034107,0.010001288,-0.171040224,1.0012602,0.003536171,0.905933737,1.0094588,0.009511889,-0.181151222,0.9978541,0.009286753,0.566959466,1.0029642,0.003547905,0.967077392,1.0094212,0.008414053,-0.106426536,0.9993403,0.004272768,-1.162059078,0.99591,0.001924336,0.35513235,1.0037766,0.003020939,0.009388551,0.997551,0.003809335,-0.030626895,0.9965499,0.00087127,1.10450723,1.0056247,0.005287648,1.03255717,1.011282,0.003857385,0.313298045,1.0031732,0.004774351,0.086512931,0.9943404,0.002755264,-0.030614393,0.9961964,0.001415589,1.450681635,1.0106901,0.011661586,0.938977952,1.0059102,0.003318311
1/1/1995,-1.686303578,0.9878879,0.004804156,-0.361807512,0.9953443,0.00605077,0.347913131,1.0080909,0.010082207,0.464492075,1.0085462,0.003566392,1.120286816,1.0121897,0.009627836,0.207140576,0.9966089,0.00925526,0.321527808,1.0008849,0.003551045,1.219341033,1.013306,0.008526011,-0.301268268,0.9973855,0.004261597,-0.897752681,0.9948001,0.00191433,0.433807375,1.004466,0.003034431,-0.129656846,0.9978486,0.00380114,-1.356332229,0.989475,0.0008621,1.080459257,1.0074221,0.005326894,0.318072787,1.0118179,0.003902971,0.708529544,1.0032731,0.004789978,-0.065549124,0.9901278,0.002728064,0.440762037,0.9947882,0.001408211,0.734393313,1.0040756,0.011709113,0.575143317,1.0046587,0.00333377
4/1/1995,-2.098268756,0.987871,0.004745887,-0.646976974,0.997392,0.00603499,0.511548032,1.0140852,0.010224217,-0.471089634,1.0076764,0.003593769,0.445496062,1.0150565,0.009772798,0.287600548,1.0004661,0.009259574,-1.091459372,1.00358,0.003563757,0.915909241,1.0160409,0.008662776,-0.356930074,1.0016036,0.004268431,-1.477449208,0.9938173,0.001902494,0.055120468,1.0014515,0.003038835,-0.228781942,1.0002925,0.003802251,-1.128650518,1.0011714,0.00086311,-0.317417005,1.0027558,0.005341574,0.317064291,1.010596,0.003944327,-0.087604917,1.0058763,0.004818126,-1.354044509,0.9936299,0.002710686,-1.918852272,0.9888739,0.001392543,-0.297932178,1.0108305,0.011835929,-1.099988957,0.9978772,0.003326693
7/1/1995,-2.649345085,0.9813328,0.004657294,-0.416000052,0.9963652,0.006013054,0.82979168,1.009039,0.010316634,-0.912100713,0.9974074,0.003584452,-0.134465109,1.0052376,0.009823984,0.399829487,1.0013565,0.009272135,-1.18065674,0.994398,0.003543793,0.529174207,1.009347,0.008743747,-0.217475503,0.9992019,0.004265024,-0.845656384,0.9916991,0.001886702,-0.65451455,0.9971781,0.00303026,-0.386149867,0.9959522,0.003786861,-1.83782176,0.9913181,0.000855616,-0.771172073,0.9949786,0.005314751,-0.450777202,1.0010634,0.003948521,-0.094412055,1.0004039,0.004820072,-2.5797943,0.9775937,0.002649949,-1.649642444,0.9853448,0.001372135,-0.675692573,0.9970134,0.01180058,-0.148169066,0.998284,0.003320984
10/1/1995,-3.618254072,0.975249,0.004542022,-0.301185644,0.9962661,0.005990602,1.031757183,1.0027967,0.010345486,-0.235963797,0.9980073,0.003577309,0.090198929,1.0014576,0.009838303,-0.066848054,0.9980761,0.009254296,-0.059709546,0.9956466,0.003528366,0.553642543,1.0019216,0.008760549,0.099724747,0.9998706,0.004264472,-0.670919113,0.9913113,0.001870309,-0.344557565,0.99737,0.00302229,-0.927617376,0.9929516,0.003760169,-1.225661384,0.9977114,0.000853658,0.001043261,0.9949404,0.005287861,0.171758705,0.998109,0.003941054,-0.369132539,0.9971554,0.00480636,-1.939408466,0.9791359,0.00259466,-0.760485111,0.9947437,0.001364923,-1.515169213,0.9890134,0.011670932,0.534627211,0.9948638,0.003303927
1/1/1996,-2.331119463,0.9794728,0.004448787,-0.127443649,0.9935301,0.005951843,0.825325797,0.9881145,0.010222525,-0.340318607,0.9918366,0.003548106,0.133992248,0.9971316,0.009810083,-0.190337509,0.9967988,0.009224671,-0.375492484,0.993686,0.003506087,0.137510217,0.99486,0.008715519,-0.351843901,0.9962282,0.004248388,-1.12705794,0.9915808,0.001854562,-0.344194243,0.9952773,0.003008017,-0.65391912,0.9913873,0.003727784,-0.019413392,1.0042662,0.0008573,-0.432372435,0.996661,0.005270205,-0.072742378,0.9933796,0.003914963,-0.180076114,0.9933716,0.004774502,-1.925217462,0.9814073,0.002546419,-0.802100958,0.996763,0.001360505,-0.035035882,0.993044,0.011589749,-0.395212906,0.9954823,0.003289001
4/1/1996,-2.424953422,0.9794378,0.00435731,-0.475983454,0.991441,0.005900901,0.235517497,0.9924784,0.010145635,-0.096725029,0.9934561,0.003524888,-0.106462353,0.9982955,0.009793361,-0.850519165,0.9934551,0.009164297,-0.388339635,0.9915769,0.003476555,-0.205290975,0.9969233,0.008688704,-0.393187976,0.9943649,0.004224448,-1.087066727,0.9938486,0.001843154,0.517289071,0.9980983,0.003002297,-0.810701327,0.9915447,0.003696265,-0.856614693,0.9921531,0.000850573,0.095437613,0.9981106,0.005260247,-0.218386023,0.9970561,0.003903438,-0.701696061,0.9912878,0.004732906,-1.306791635,0.980372,0.002496437,-0.299684556,0.9914907,0.001348928,0.559830372,0.9995199,0.011584184,0.633155122,0.9985673,0.003284289
7/1/1996,-1.833090541,0.9780694,0.004261751,-0.23328899,0.9959573,0.005877046,0.087286081,1.0067511,0.01021413,-0.263684695,0.9988188,0.003520724,0.375986441,1.0052304,0.009844585,-0.508332703,0.9971962,0.009138602,0.100094884,0.9991335,0.003473543,-0.076658348,1.0035428,0.008719487,-0.355458898,0.9979641,0.004215847,-1.101565915,0.9899132,0.001824563,0.338499214,0.9997078,0.003001419,-0.227777434,0.9947379,0.003676815,-0.232195297,0.9992974,0.000849975,0.602560389,0.9991841,0.005255955,-0.099009911,1.0027149,0.003914035,-0.166254814,0.9990518,0.004728418,-0.662766199,0.9867226,0.002463291,-0.210449351,0.9934783,0.00134013,-0.04158995,0.9973472,0.011553454,0.722910317,0.9946776,0.003266809
10/1/1996,-1.275840279,0.9746709,0.004153805,-0.490811656,0.9947287,0.005846066,0.153659021,0.9980681,0.010194397,-0.172520163,0.9944656,0.003501239,0.381340019,0.998886,0.009833618,-0.225231181,0.9987734,0.009127393,0.077729883,0.9936054,0.003451331,-0.14480026,0.9966262,0.008690069,0.235037765,0.9982617,0.004208519,-0.508696909,0.9909658,0.001808079,0.516082462,0.9974744,0.002993839,0.020968914,0.9920059,0.003647422,-1.324171836,0.9929536,0.000843986,0.093256797,0.9934877,0.005221727,-0.344269991,0.9950276,0.003894573,-0.130031836,0.995397,0.004706653,-0.841659091,0.9841481,0.002424243,-0.341013422,0.9906178,0.001327557,0.089393534,0.993588,0.011479373,0.217386783,0.9932645,0.003244805
1/1/1997,-1.668945999,0.9675746,0.004019116,-0.436784159,0.9923448,0.005801313,0.126537354,0.9933168,0.010126266,-1.138591756,0.9874154,0.003457178,0.019696736,0.994835,0.009782827,-0.462076235,0.9937951,0.009070758,-0.14497754,0.9891218,0.003413787,0.176009399,0.9947097,0.008644096,-0.232013763,0.9912872,0.004171851,-0.197796792,0.9914591,0.001792637,-0.212888889,0.9927142,0.002972027,-0.531994049,0.9893868,0.003608711,-1.047073079,0.9887433,0.000834485,-0.357049159,0.9900055,0.005169538,-0.010468453,0.9941744,0.003871885,-0.502883481,0.99109,0.004664717,-0.843115031,0.9749288,0.002363465,-0.259242374,0.9799298,0.001300913,0.233228892,0.9958903,0.011432196,-0.488593261,0.9890139,0.003209157
4/1/1997,-1.997044714,0.972962,0.003910447,-0.042777051,0.9940353,0.00576671,0.984627125,0.9949574,0.010075203,-1.016398214,0.9884344,0.003417193,0.684854897,0.9986092,0.009769221,-0.429403962,0.9969196,0.009042817,0.280565046,0.9914868,0.003384724,0.161315375,0.9957353,0.008607231,-0.043550977,0.9934256,0.004144423,-0.767745117,0.9903389,0.001775318,-0.25058727,0.9964095,0.002961355,-0.42849059,0.9907176,0.003575213,-0.300499563,0.9951711,0.000830456,0.057306647,0.991089,0.005123473,-0.057582584,0.9911034,0.003837438,0.289930794,0.9950887,0.004641807,-0.632723894,0.9704631,0.002293655,-0.835326268,0.9829481,0.00127873,0.129149192,0.9918258,0.011338747,0.532675979,0.9936658,0.00318883
7/1/1997,-2.279802402,0.9751591,0.003813308,-0.161184034,0.9923905,0.005722828,1.076402513,0.9935199,0.010009915,-0.030088993,0.9918873,0.003389471,0.632619556,0.9985851,0.009755399,-0.37607298,0.9972056,0.009017547,0.279611674,0.9933622,0.003362257,0.355169444,0.996598,0.00857795,0.02605651,0.9952505,0.004124739,-0.634234849,0.9958901,0.001768021,0.115420236,0.9981845,0.002955979,-0.47882339,0.9900849,0.003539765,0.386547144,0.9918874,0.000823718,0.004969873,0.9922592,0.005083813,0.246176414,0.9917719,0.003805864,-0.219839489,0.9912981,0.004601414,-0.572278008,0.971698,0.00222874,-0.477300723,0.9881201,0.001263538,0.960069764,0.9976255,0.011311823,0.14334957,0.9964606,0.003177543
10/1/1997,-1.616515533,0.9760808,0.003722097,0.144465338,0.9959294,0.005699533,0.829776639,0.9917598,0.009927431,0.239429619,0.9934443,0.00336725,0.894253817,1.0017931,0.009772891,-0.135806477,0.9967344,0.0089881,0.90935674,0.9962521,0.003349656,0.828389618,0.9996045,0.008574557,0.211473713,0.9959778,0.004108149,-0.215621742,0.9949195,0.001759039,0.032406963,0.9976904,0.002949152,-0.251592597,0.9922489,0.003512328,0.107199576,1.0025733,0.000825838,0.290201416,0.9970799,0.005068968,0.846439208,1.0001173,0.00380631,0.113280177,0.9924628,0.004566733,-0.237418369,0.9807516,0.002185841,-0.466497237,0.9923331,0.001253851,1.108488728,1.0056407,0.01137563,0.271511018,0.9963518,0.003165951
1/1/1998,-2.370116956,0.9689006,0.003606342,-0.188669463,0.9969898,0.005682376,0.470190569,0.9873646,0.009801994,0.290343639,0.9923723,0.003341566,0.681995616,0.9953983,0.009727919,-0.43599133,0.9984566,0.008974227,1.177206032,0.9949248,0.003332656,0.38197612,0.9930821,0.008515239,0.419540807,0.9990298,0.004104163,-0.500368198,0.991318,0.001743767,0.723410945,0.9973484,0.002941332,-0.326326477,0.9932673,0.00348868,-1.103496714,0.9977116,0.000823948,0.438413771,0.9940051,0.00503858,0.435210611,0.9932104,0.003780467,0.146727414,0.994432,0.004541305,-0.695594874,0.9843071,0.002151538,-0.167660777,0.9907974,0.001242312,0.545301903,0.9966155,0.011337129,0.735465025,0.9994492,0.003164207
4/1/1998,-3.386264088,0.9531754,0.003437477,-0.068262979,0.9953756,0.005656099,-0.460961971,0.9806428,0.009612255,-0.109802962,0.9875123,0.003299837,0.101658723,0.9869113,0.009600593,-0.151208643,0.9987013,0.008962573,0.937754252,0.9953824,0.003317267,-0.321431967,0.9857817,0.008394167,-0.050283167,0.9928849,0.004074962,-1.024301975,0.9874743,0.001721925,0.005846914,0.9900788,0.002912151,-0.689253545,0.9896371,0.003452527,-0.059795879,0.9910548,0.000816578,-0.502270255,0.9876163,0.004976183,-0.134124328,0.9871372,0.003731839,-0.059239969,0.9939643,0.004513895,-1.146294811,0.9782249,0.002104688,-0.270109499,0.9829993,0.001221192,0.082925296,0.994423,0.011273902,0.13198393,0.9931429,0.00314251
7/1/1998,-2.802458054,0.9518858,0.003272085,-0.155166222,0.9914596,0.005607793,-1.276820562,0.9678744,0.009303455,-0.323850339,0.9816563,0.003239306,-0.612375961,0.9816919,0.009424825,-0.180696192,0.9951536,0.008919136,0.302944416,0.9919354,0.003290514,-0.920475104,0.976629,0.008197987,-0.488748214,0.988005,0.004026082,-1.14410342,0.9815956,0.001690234,-0.092444504,0.9864112,0.002872578,-0.719295118,0.9867373,0.003406738,-1.796171876,0.984349,0.000803798,-0.642129774,0.9881716,0.004917323,-0.681853402,0.9795998,0.003655709,-0.447222113,0.989447,0.00446626,-2.299688591,0.965394,0.002031854,-1.012705451,0.9801644,0.001196969,-2.1155709,0.9827267,0.011079165,-0.153775256,0.9958604,0.003129501
10/1/1998,-3.972210275,0.9578056,0.003134021,-0.730630666,0.9906337,0.005555269,-1.694427218,0.9767054,0.009086735,-0.485974809,0.9869829,0.00319714,-0.527650061,0.9916683,0.0093463,-0.649499488,0.9935891,0.008861957,0.59582667,1.0034892,0.003301996,-1.407632494,0.9814165,0.00804564,-0.871413785,0.9909933,0.003989821,0.101507175,0.9923261,0.001677263,0.228816024,0.995912,0.002860835,-0.877153968,0.9894565,0.003370819,-1.043502638,0.9896825,0.000795504,-0.383322521,0.9945535,0.004890541,-1.076611016,0.990067,0.003619397,-0.620046887,0.9912503,0.004427181,-1.760795097,0.9777633,0.001986672,-0.536323194,0.9868637,0.001181245,2.131020262,1.0138106,0.011232174,0.258130029,0.9998275,0.003128961
1/1/1999,-3.932087477,0.966125,0.003027856,-0.957179718,0.9920876,0.005511313,-1.553885326,0.9817529,0.008920928,-0.83439966,0.9899639,0.003165053,-0.681926251,0.9949766,0.00929935,-0.530851748,0.9942536,0.008811032,0.502274999,1.0066155,0.00332384,-1.499894071,0.9881714,0.007950471,-0.508661769,0.9933439,0.003963264,-1.46263323,0.9865465,0.001654698,-0.61835203,0.9959463,0.002849238,-0.731003331,0.9930359,0.003347344,-1.832394672,0.9799367,0.000779544,-0.101189432,1.0014982,0.004897868,-0.715036798,0.9940506,0.003597864,-0.912249873,0.9927284,0.004394989,-2.31505254,0.978886,0.001944725,-0.628841224,0.9936346,0.001173726,-0.524598333,0.9970959,0.011199555,0.448002294,1.0077809,0.003153307
4/1/1999,-4.125134798,0.9655872,0.002923659,-0.611641285,0.9936714,0.005476435,-0.229058021,0.9896597,0.008828683,-0.210095716,0.9968613,0.003155119,-0.466780008,0.9967484,0.009269112,-0.726168272,0.9926056,0.00874588,0.455807116,1.0062131,0.003344491,-0.957779527,0.9901317,0.007872013,-0.110591581,0.9996106,0.003961721,-1.226177739,0.990724,0.001639349,-0.256351931,0.9989478,0.00284624,-0.308490362,0.9929769,0.003323835,-2.579835666,0.9741601,0.000759401,-0.109857889,1.0000327,0.004898028,-0.450116511,0.9917614,0.003568222,-0.976177328,0.9890468,0.00434685,-2.181075322,0.9847613,0.00191509,-0.443840595,0.9987685,0.001172281,-0.718025644,0.9946572,0.011139718,-0.013639688,1.0036491,0.003164814
7/1/1999,-3.814964242,0.967402,0.002828354,-0.460652425,0.9944568,0.005446078,-0.490171952,0.9886588,0.008728556,-0.687683163,0.987863,0.003116825,-0.392894631,0.9940529,0.009213988,-0.139216075,0.9962332,0.008712936,1.06272285,1.005876,0.003364144,-0.640624537,0.9897762,0.007791531,-0.350169248,0.9937856,0.003937101,-1.436197899,0.9844734,0.001613896,0.448117833,0.9965575,0.002836442,-0.657668224,0.9900907,0.003290898,-1.034962891,0.9863041,0.000749,0.229636209,0.9983212,0.004889805,-0.718123304,0.9941832,0.003547467,-0.835305523,0.9886979,0.004297721,-1.614427876,0.9822688,0.001881133,-0.538665557,0.9915261,0.001162347,-0.107719446,0.9904629,0.011033477,-0.094300785,0.996525,0.003153816
10/1/1999,-3.142383677,0.9725067,0.002750593,-0.182526525,0.9947105,0.005417271,-0.250950946,0.9895933,0.00863772,-0.046123523,0.9949587,0.003101112,-0.213711422,0.9953598,0.009171233,0.511468169,0.9999662,0.008712641,0.489039307,0.9999769,0.003364066,-0.974278067,0.9867077,0.007687964,-0.027300339,0.9966432,0.003923885,-1.455634152,0.9851029,0.001589853,0.664708974,1.0046994,0.002849771,-1.300586351,0.9867549,0.00324731,-1.774496658,0.9850053,0.000737769,0.313191541,0.9971153,0.0048757,0.080368624,0.9977081,0.003539336,-0.666637366,0.9906726,0.004257634,-1.541993841,0.9846617,0.00185228,-0.263368002,0.9947732,0.001156272,-0.973692212,0.9917869,0.010942858,-0.047204907,0.9999579,0.003153684
1/1/2000,-3.657879807,0.9661829,0.002657576,-1.018354852,0.9911842,0.005369513,-1.042774708,0.9899849,0.008551212,-0.829954511,0.9915938,0.003075044,-0.738347483,0.9942424,0.009118429,-1.401255519,0.9922505,0.008645123,-0.629628617,0.9951668,0.003347807,-1.497777817,0.9888735,0.007602424,-1.151578596,0.990534,0.003886741,-1.353992646,0.9860834,0.001567728,-0.098224766,0.9962739,0.002839153,-1.444949835,0.9870107,0.00320513,-2.729782906,0.9816677,0.000724244,-0.907257756,0.9971297,0.004861705,0.626371861,1.0017754,0.00354562,-1.474325281,0.9896881,0.00421373,-2.467864434,0.9838217,0.001822313,-1.410725141,0.9882089,0.001142638,-1.233994355,0.9897087,0.010830242,-1.314674978,0.9902292,0.00312287
4/1/2000,-2.42621832,0.9755263,0.002592535,-0.485468399,0.9929405,0.005331607,0.342536169,1.0009468,0.008559309,-0.081337431,0.9940787,0.003056835,0.597631691,1.0009256,0.009126869,-0.539936581,0.9939943,0.008593203,-0.038184669,0.993239,0.003325172,-0.03063689,0.9939862,0.007556704,-0.147374689,0.9951034,0.00386771,-0.836426129,0.9844876,0.001543409,0.007338304,0.9973531,0.002831638,-0.741348407,0.9917153,0.003178576,0.921101422,0.9981563,0.000722909,-0.45065924,0.9938554,0.004831832,-0.40966162,0.9947848,0.003527129,-0.008202114,0.9959125,0.004196507,-1.130485384,0.9849999,0.001794978,-0.712460683,0.9848936,0.001125377,-0.264507417,0.9933071,0.010757756,-0.627355812,0.9890342,0.003088625
7/1/2000,-2.995324693,0.9592057,0.002486775,-0.774181827,0.9927624,0.005293019,2.262136483,1.0016618,0.008573533,-0.035729683,0.9867054,0.003016196,0.199631308,0.9909297,0.009044085,-0.280576621,0.9973789,0.008570679,-0.083565721,0.9852382,0.003276087,0.089947566,0.9883955,0.007469013,0.010428371,0.9926171,0.003839155,-0.904202715,0.9873078,0.00152382,-0.309687444,0.9942992,0.002815495,-0.700559787,0.9867196,0.003136363,-1.606520789,0.9837949,0.000711194,-1.064465873,0.9838826,0.004753955,-0.288476949,0.9839215,0.003470418,-0.434418082,0.9884453,0.004148017,-0.938489748,0.9706739,0.001742339,-1.163170203,0.9800195,0.001102891,-1.980750904,0.981716,0.010561062,-1.66194728,0.9822364,0.00303376
10/1/2000,-3.080665176,0.9597961,0.002386797,-0.417052137,0.9918593,0.00524993,0.713647279,0.9938992,0.008521227,-1.275736886,0.976471,0.002945228,-0.273214007,0.9893989,0.008948208,-0.585833234,0.9944583,0.008523183,-0.756809201,0.9825626,0.00321896,-0.666209219,0.9868649,0.007370906,-0.36858783,0.9912364,0.00380551,-0.75347273,0.9890039,0.001507064,-0.653683479,0.986616,0.002777813,-0.786435495,0.9841198,0.003086557,-1.425171435,0.9883352,0.000702898,-1.179935332,0.9774859,0.004646924,-1.071524249,0.984041,0.003415033,-0.988661204,0.9856511,0.004088498,-2.399587329,0.9642252,0.001680007,-0.870590023,0.9737611,0.001073953,-1.13468086,0.9855274,0.010408216,-2.574519855,0.975696,0.002960027
1/1/2001,-3.072586277,0.9603898,0.002292255,-0.649110432,0.9922834,0.005209418,-0.207483779,0.9812432,0.008361396,-1.266374628,0.9767851,0.002876855,-1.186257622,0.9849283,0.008813343,0.091321632,0.9932953,0.008466038,-1.860589275,0.979324,0.003152405,-1.545783494,0.9784811,0.007212293,-1.004626553,0.9889794,0.003763571,-1.006931153,0.988181,0.001489252,0.092697298,0.9945372,0.002762638,-1.406893014,0.9823452,0.003032065,-0.885401869,1.0017655,0.000704139,-1.907625557,0.9810568,0.004558897,-1.976712705,0.9766979,0.003335456,-1.312135169,0.982288,0.004016082,-4.069595959,0.9613025,0.001614995,-1.771057021,0.9803899,0.001052892,-2.524317553,0.9791675,0.010191386,-2.592047617,0.9846437,0.002914572
4/1/2001,-5.171170277,0.9551095,0.002189355,-1.339607738,0.9921835,0.005168699,-3.995471,0.9777667,0.008175495,-2.528780128,0.9777283,0.002812782,-2.894607756,0.9819666,0.008654409,-0.191354744,0.9976763,0.008446365,-2.810901028,0.9807333,0.003091669,-3.404443913,0.9774659,0.00704977,-1.603807315,0.9908283,0.003729053,-1.012753956,0.9904141,0.001474976,-1.362388366,0.9890343,0.002732344,-2.17080785,0.9818687,0.00297709,-0.0172086,0.9938875,0.000699835,-2.416854275,0.9776572,0.004457038,-3.602209939,0.9730799,0.003245665,-2.440855023,0.9820685,0.003944068,-4.56934049,0.9614248,0.001552696,-2.115396179,0.982445,0.001034409,-1.738532421,0.9806514,0.009994197,-1.7532852,0.9821489,0.002862544
7/1/2001,-6.680160765,0.952066,0.00208441,-1.368090657,0.990113,0.005117596,-5.384805288,0.9688044,0.007920455,-3.989333762,0.9721259,0.002734379,-3.135135768,0.978331,0.008466876,-1.131453997,0.9903639,0.008364975,-3.282012972,0.9782631,0.003024465,-3.677261591,0.9742325,0.006868115,-1.869917015,0.9867494,0.00367964,-2.063894144,0.9880397,0.001457335,-2.16102117,0.984368,0.002689632,-2.457587461,0.981602,0.002922317,-0.652479326,0.9945468,0.000696019,-2.434839031,0.9790604,0.004363709,-3.771205863,0.9749274,0.003164288,-2.70584188,0.9769469,0.003853145,-5.359998141,0.9591955,0.001489339,-2.73291158,0.9763159,0.00100991,-1.500727592,0.9839307,0.009833598,-0.999315257,0.9825203,0.002812508
10/1/2001,-6.474257612,0.9535962,0.001987686,-1.317946695,0.9925628,0.005079535,-4.360955075,0.9737466,0.007712516,-4.245701356,0.9726542,0.002659605,-3.33077825,0.9815215,0.008310421,-0.59689046,0.9942377,0.008316774,-2.531613874,0.9850428,0.002979228,-3.939553303,0.974778,0.006694888,-1.694743648,0.9899138,0.003642527,-2.211959765,0.9890737,0.001441411,-1.712707551,0.9901009,0.002663007,-1.782512613,0.9841147,0.002875895,-0.541347117,0.9950181,0.000692551,-2.766665167,0.9814115,0.004282595,-3.841572364,0.972959,0.003078722,-2.70570519,0.9837674,0.003790598,-4.789277078,0.9601784,0.001430031,-3.043380889,0.9830189,0.00099276,-2.588769025,0.984041,0.009676663,-1.750310125,0.9893817,0.002782643
1/1/2002,-4.527609416,0.9578621,0.001903929,-1.222090298,0.9889456,0.005023384,-4.13628355,0.9708014,0.007487322,-3.344186886,0.9785079,0.002602444,-2.466726048,0.9806813,0.008149875,-0.514250867,0.9932592,0.008260712,-1.38030822,0.9899681,0.00294934,-3.141211306,0.9751571,0.006528567,-1.09899245,0.9900084,0.003606132,-0.719271612,0.9890698,0.001425656,-1.727180097,0.9909654,0.002638948,-1.700817786,0.983171,0.002827497,-1.430415981,0.9845344,0.00068184,-1.598875086,0.9854944,0.004220473,-3.623412821,0.9743521,0.00299976,-2.327711231,0.980722,0.003717523,-3.649927042,0.9614847,0.001374953,-1.010471064,0.9881258,0.000980972,-2.584142657,0.979561,0.009478882,-0.810520324,0.9945391,0.002767448
4/1/2002,-2.680601348,0.9665988,0.001840335,-1.080211048,0.9912754,0.004979557,-2.948500481,0.9732974,0.007287391,-2.343701354,0.9835105,0.002559531,-1.218316148,0.9904184,0.008071786,-0.945894549,0.9913236,0.008189039,-0.590614412,0.9938642,0.002931244,-2.021345757,0.9826945,0.006415587,-0.846160107,0.9896189,0.003568697,-0.206961668,0.9925596,0.001415049,-1.96295308,0.9945052,0.002624447,-1.200215838,0.9854501,0.002786357,-1.848044685,0.9916836,0.00067617,-0.809099167,0.9950393,0.004199537,-1.439588695,0.9876619,0.002962748,-2.477776399,0.9812919,0.003647975,-2.271715115,0.9708082,0.001334816,-1.222173941,0.9938271,0.000974917,-0.777038821,0.9972024,0.009452364,-1.093077208,0.9952846,0.002754398
7/1/2002,-1.695547336,0.9749458,0.001794227,-0.76230941,0.9929159,0.004944282,-3.355533869,0.9870745,0.007193198,-1.945954811,0.9901179,0.002534238,-1.025817332,0.9957183,0.008037225,-1.320183162,0.9938634,0.008138786,-1.401048943,0.9986332,0.002927237,-1.871641635,0.9893113,0.006347013,-0.84425916,0.9966965,0.003556907,-0.941582989,0.9889324,0.001399388,-0.752120364,1.0007949,0.002626533,-1.192143394,0.9909494,0.002761139,-0.481384484,0.9926298,0.000671186,-0.703523021,0.998789,0.004194451,-0.841158059,0.9935735,0.002943708,-1.807997886,0.9878294,0.003603577,-1.81172217,0.982156,0.001310997,-1.535609074,0.9939367,0.000969005,-0.729135596,0.9935888,0.009391763,-0.696707945,1.0016289,0.002758885
10/1/2002,-3.358682778,0.9668046,0.001734667,-0.630418442,0.9964145,0.004926554,-2.958146743,0.9954423,0.007160413,-2.400326946,0.9938927,0.00251876,-1.464693293,0.9967838,0.008011376,0.123000744,0.9993447,0.008133452,-2.112390305,1.0001563,0.002927695,-1.858122723,0.9925611,0.006299798,-0.937503737,0.9970611,0.003546454,-1.923481395,0.9907234,0.001386406,-1.328790984,1.0000099,0.002626559,-1.683280653,0.9897557,0.002732853,-0.472635896,0.9885512,0.000663502,-1.710741604,0.9947351,0.004172368,-1.440126258,0.9971132,0.00293521,-1.770013636,0.9931622,0.003578937,-2.665875837,0.9864624,0.00129325,-1.501626227,0.9952383,0.000964391,-1.203256724,0.9979533,0.009372541,-1.67697029,0.9946497,0.002744124
1/1/2003,-5.195984282,0.9621842,0.001669069,-0.868831488,0.9926762,0.004890473,-3.744968169,0.979606,0.007014384,-2.680421948,0.9867249,0.002485324,-2.241750533,0.9898759,0.007930268,-0.457598436,0.9938444,0.008083386,-2.250829816,0.9926197,0.002906088,-2.342415148,0.9851881,0.006206486,-1.913674533,0.9906204,0.00351319,-2.103971848,0.9859952,0.00136699,-2.33564741,0.9934599,0.002609381,-2.456280877,0.9876898,0.002699211,-0.794964373,0.9851903,0.000653676,-1.427444682,0.992811,0.004142372,-1.487856946,0.9941602,0.002918069,-1.171604316,0.9894721,0.003541258,-2.582461277,0.9812291,0.001268974,-3.024692186,0.9820279,0.000947059,-1.403696212,0.9897455,0.00927643,-1.863542634,0.991965,0.002722075
4/1/2003,-4.535016905,0.9626594,0.001606745,-1.46239652,0.9926436,0.004854496,-2.896619976,0.9906334,0.006948683,-2.579745284,0.9888551,0.002457625,-1.844222483,0.992469,0.007870545,-0.961119915,0.9959989,0.008051044,-2.35788832,0.9916935,0.002881948,-2.701009991,0.9878764,0.006131241,-1.482901163,0.9911843,0.003482218,-2.391869337,0.9838327,0.001344889,-1.602698575,0.9934626,0.002592323,-1.885531472,0.9889905,0.002669494,-2.187607378,0.9908949,0.000647724,-1.887383539,0.9877465,0.004091614,-2.451743996,0.9864837,0.002878628,-0.894397953,0.9936887,0.003518908,-3.687334985,0.9724967,0.001234073,-3.027328613,0.9769447,0.000925224,-1.757558548,0.991114,0.009194,-1.196323121,0.9909959,0.002697565
7/1/2003,-5.028749167,0.9561304,0.001536258,-1.25271164,0.9925651,0.004818404,-2.556749164,0.9874466,0.006861453,-2.255946075,0.9840315,0.00241838,-1.458241191,0.9902858,0.007794089,-0.031270344,0.9976158,0.008031848,-0.887776812,0.9920201,0.002858951,-1.987341069,0.984717,0.006037537,-1.576302981,0.9904854,0.003449086,-1.528758511,0.989363,0.001330584,-0.907774589,0.9930981,0.002574431,-2.023096698,0.986468,0.00263337,-1.838768658,0.9845702,0.00063773,-1.422818119,0.9869709,0.004038304,-2.10372839,0.9858685,0.002837948,-0.851840541,0.9895269,0.003482054,-5.387608596,0.9669586,0.001193298,-4.463417304,0.9817469,0.000908336,-0.89600996,0.9915805,0.009116591,-0.82370327,0.989024,0.002667957
10/1/2003,-1.611626542,0.9707604,0.001491338,-1.234033985,0.9890269,0.004765531,-1.1867558,0.9858624,0.006764449,-1.009088872,0.9818361,0.002374453,0.028105959,0.9927426,0.007737524,-0.745506913,0.9907148,0.007957271,-0.230670809,0.9915935,0.002834917,-0.42654044,0.989024,0.005971269,-0.927758521,0.9931298,0.003425391,-1.533490647,0.9908331,0.001318386,-0.123004528,0.9902314,0.002549282,-1.235648178,0.9885637,0.002603254,-1.427573605,0.9834734,0.00062719,-0.73224101,0.9890817,0.003994212,-0.70212766,0.9865653,0.002799821,-1.212459694,0.9860387,0.00343344,-3.241729439,0.9656981,0.001152365,-1.0574565,0.9834055,0.000893263,-0.355754084,0.9901291,0.009026602,0.69870874,0.9942784,0.002652692
1/1/2004,-1.339475273,0.9746528,0.001453537,-0.384570801,0.9940271,0.004737067,-0.257167457,0.9917764,0.006708821,-0.652064392,0.9897811,0.002350189,0.655060779,0.9977721,0.007720285,-0.935292505,0.9929728,0.007901354,0.290898332,0.9953708,0.002821793,-0.016435628,0.9924896,0.005926423,-0.110272372,0.994894,0.003407901,-1.136140578,0.9943561,0.001310946,1.292828224,1.0019944,0.002554366,-1.27143126,0.989284,0.002575358,0.290063606,0.995449,0.000624336,-0.115411945,0.9973256,0.00398353,-0.542818363,0.9885535,0.002767773,-0.869112408,0.9859199,0.003385097,-2.413168468,0.9716656,0.001119714,0.947310463,0.9993634,0.000892694,-0.119133496,0.9899214,0.008935626,0.608360795,0.9986244,0.002649043
4/1/2004,-1.98413819,0.9818826,0.001427203,-0.269392401,0.9945181,0.004711099,0.01464912,0.9905872,0.006645672,-0.771313068,0.9915414,0.002330309,0.818494358,1.0003776,0.007723201,-0.367532365,0.9991098,0.00789432,0.506473787,0.9996431,0.002820786,0.450782435,0.9968433,0.005907715,0.202106048,0.9986641,0.003403348,-0.198988948,0.9975085,0.001307679,1.000920319,1.0018947,0.002559206,-1.176021474,0.9903055,0.002550391,-1.094639317,0.9934727,0.000620261,-0.02340164,0.9975921,0.003973938,0.473967684,0.9982661,0.002762974,-0.644016464,0.9891808,0.003348473,-1.015579922,0.9848702,0.001102773,1.433448515,0.9969686,0.000889988,-0.249962881,1.0019515,0.008953064,0.693734407,0.9981099,0.002644036
7/1/2004,-2.333952708,0.9803809,0.001399202,-0.71369898,0.994722,0.004686234,0.073564399,0.9919261,0.006592015,-0.400054338,0.9950806,0.002318846,0.261818003,1.0000852,0.007723859,-0.597874675,0.9950332,0.007855111,-0.413309764,0.9929885,0.002801008,0.420196471,0.9999901,0.005907656,-0.464044099,0.9939044,0.003382602,-0.463014676,0.9910589,0.001295987,0.555153029,1.0006086,0.002560764,-0.501844117,0.9904721,0.002526091,-0.48936355,0.993077,0.000615967,-0.264052537,0.9988773,0.003969477,0.514616539,1.0044829,0.00277536,-0.855151734,0.9908955,0.003317987,-1.587715926,0.9822596,0.001083209,-2.098824833,0.9882732,0.000879551,-0.090117308,0.998623,0.008940736,0.426543208,0.9995617,0.002642877
10/1/2004,-3.073231806,0.9745674,0.001363617,-0.718706112,0.9970045,0.004672196,-0.935542493,0.9979817,0.006578711,-0.623978886,0.9960553,0.002309699,0.068818667,1.0022382,0.007741146,-0.754313381,0.9991494,0.007848429,-0.504756645,0.9947265,0.002786237,-0.247670211,1.0004391,0.00591025,-0.47098708,0.9966635,0.003371316,-0.738308687,0.9915658,0.001285057,-0.32861593,0.9997635,0.002560158,-0.866920238,0.9929218,0.002508211,-0.06343609,0.993764,0.000612125,-0.479887112,0.9964891,0.00395554,-0.149328024,0.9993362,0.002773518,-1.071238993,0.9992468,0.003315488,-2.091635667,0.9808027,0.001062414,-1.772929583,0.9890654,0.000869934,0.265708121,0.9928228,0.008876566,0.567441755,0.995995,0.002632292
1/1/2005,-2.738802427,0.9794585,0.001335606,-0.975429504,0.9919546,0.004634606,-0.484014433,0.9975125,0.006562346,-1.032704654,0.9961838,0.002300884,0.006241063,1.0000148,0.007741261,-0.570440147,0.9980135,0.007832838,-0.679825593,0.9954456,0.002773548,0.097620228,1.0003234,0.005912162,-0.614736359,0.9959317,0.003357601,-1.681443076,0.9895689,0.001271652,-1.381035323,0.9955146,0.002548675,-0.70312788,0.9927118,0.002489931,0.209190845,0.9979873,0.000610893,-0.653055124,0.9932885,0.003928993,0.085457912,0.9952844,0.002760439,-1.067336584,0.9969463,0.003305363,-3.066381272,0.9781174,0.001039166,-1.753312044,0.9839346,0.000855958,-0.192894471,0.9964625,0.008845165,-0.232239742,0.9958642,0.002621405
4/1/2005,-3.211244339,0.9734876,0.001300196,-0.460029493,0.9955323,0.0046139,-0.372678006,0.9959924,0.006536047,-1.279342512,0.9946203,0.002288506,0.233169693,1.0001278,0.00774225,-0.551746913,0.9977056,0.007814866,-1.440391798,0.9912366,0.002749242,0.380265283,0.9981569,0.005901265,-0.417683758,0.9946572,0.003339662,-0.84789792,0.9916858,0.001261079,0.192278096,0.9966213,0.002540064,-0.995139027,0.9909555,0.00246741,0.481924921,0.9962691,0.000608614,-0.434578828,0.9964699,0.003915123,-0.305962729,0.9963182,0.002750276,-0.733412924,0.9932365,0.003283007,-2.443884261,0.9738825,0.001012025,0.08459267,0.9943083,0.000851086,-0.25577058,0.9948518,0.008799629,-0.52720385,0.9947791,0.002607719
7/1/2005,-3.158956682,0.978603,0.001272376,-0.822665966,0.9919173,0.004576607,-0.148185369,0.9973814,0.006518932,-1.485559527,0.9910643,0.002268057,-0.168099717,0.998918,0.007733873,-0.394172098,0.9929132,0.007759484,-0.414783538,0.9950376,0.002735599,-0.116758803,0.9974996,0.005886509,0.229137449,1.0004058,0.003341017,-0.3659224,0.9929783,0.001252224,-0.542208358,0.9947945,0.002526841,-0.983499244,0.993967,0.002452525,-0.927236302,0.9935528,0.00060469,-0.026116602,0.9949981,0.00389554,-0.606666184,0.9948444,0.002736097,-0.915226993,0.9925293,0.003258481,-2.285684876,0.9824085,0.000994222,-1.751467391,0.9920677,0.000844335,-1.247506331,0.9925097,0.008733717,0.238967924,0.9954557,0.002595869
10/1/2005,-2.96825733,0.9802309,0.001247222,-0.738711746,0.9944827,0.004551357,-0.66440614,0.9980055,0.00650593,-0.612038297,0.9907405,0.002247056,-0.029932595,1.0016823,0.007746884,-0.607210848,0.9960047,0.007728483,-0.259372366,0.9959689,0.002724572,0.08840181,1.000713,0.005890706,-1.174472407,0.9940373,0.003321096,0.421725546,0.996705,0.001248098,-0.216740031,1.0001396,0.002527194,-1.401162343,0.9917035,0.002432177,-1.052560214,0.9969415,0.000602841,-0.051912816,0.9973334,0.003885152,0.09335056,0.9969615,0.002727783,-0.780069579,0.9942605,0.003239779,-3.141680378,0.979082,0.000973425,-1.324558964,0.9950608,0.000840165,0.17495193,1.0025792,0.008756243,0.81952335,0.9972984,0.002588856
1/1/2006,-0.895253994,0.9826531,0.001225587,-0.39073649,0.9941227,0.004524607,-0.771907523,0.9937885,0.006465518,0.599834639,0.9991826,0.002245219,0.440478305,1.0031162,0.007771024,0.01080323,0.997226,0.007707044,-0.255250015,0.9968344,0.002715947,0.063296823,1.0005445,0.005893914,-0.329534822,0.9965606,0.003309673,-0.213975033,0.9937931,0.001240352,1.079673353,1.0039917,0.002537282,-0.620095374,0.992263,0.002413359,-0.672121468,0.9917312,0.000597856,-0.38015573,1.0013237,0.003890295,-0.186526996,1.002161,0.002733678,-0.842501188,0.9940315,0.003220442,-2.388226883,0.984376,0.000958216,-1.765163589,0.9925313,0.00083389,-0.148930155,0.9959793,0.008721037,0.816588629,1.0015078,0.002592759
4/1/2006,-1.562030104,0.9829117,0.001204643,-0.437069578,0.9954614,0.004504072,0.305874075,1.0049498,0.006497521,0.235080747,0.9994317,0.002243943,0.65365436,1.0067044,0.007823125,0.012349038,0.998576,0.007696069,-0.269362944,0.9958258,0.00270461,0.434643145,1.008306,0.005942869,-0.349809666,0.9973469,0.003300892,-0.868337869,0.9923893,0.001230912,-0.418202879,0.9971949,0.002530164,-1.090451835,0.9945502,0.002400207,1.228328206,0.9971545,0.000596155,-1.269592603,0.9965333,0.003876808,0.517501617,1.0035453,0.002743369,-0.700595142,0.9980219,0.003214072,-3.366869463,0.9822245,0.000941184,-3.178011769,0.9861494,0.00082234,0.228355019,1.0040443,0.008756307,-1.074514279,0.9948417,0.002579385
7/1/2006,-2.578804503,0.9754418,0.00117506,0.171051595,0.9965583,0.00448857,-0.660725891,1.0002478,0.006499131,-0.645841344,0.9944309,0.002231446,0.226604254,1.0013211,0.00783346,-0.21198905,0.9985914,0.007685228,-1.605525106,0.9924045,0.002684067,0.037042965,1.001026,0.005948966,-0.387549947,0.9975016,0.003292645,-0.652092931,0.9915125,0.001220464,-0.920167018,0.9988361,0.00252722,-0.995993668,0.9930961,0.002383636,1.390283187,0.9966635,0.000594166,-1.709621617,0.9955348,0.003859498,-0.185913486,0.9983756,0.002738913,-0.776809045,0.9963088,0.003202208,-4.02253048,0.9777406,0.000920234,-0.263621752,0.9892612,0.000813509,-1.010137598,0.9923868,0.008689644,-1.900561149,0.9960435,0.00256918
10/1/2006,-2.150632091,0.9785003,0.001149796,-0.513238711,0.993429,0.004459076,-1.038816212,0.9982381,0.00648768,-1.016266767,0.9927357,0.002215236,-0.495628469,0.9998568,0.007832338,-0.55690128,0.9978435,0.007668655,-2.02577122,0.9950025,0.002670653,-0.333598408,1.0003694,0.005951164,0.022700484,0.9983445,0.003287194,-0.243084771,0.9937462,0.001212832,-0.435544881,0.9950621,0.00251474,-1.045165956,0.9926864,0.002366203,-0.010522112,0.9954567,0.000591466,-3.392844244,0.9923315,0.003829901,-1.260835311,0.994878,0.002724884,-0.082493546,0.9967514,0.003191806,-3.743790504,0.9781411,0.000900118,-2.789144308,0.9899712,0.00080535,-1.142506047,0.9955441,0.008650924,-3.499164767,0.9952993,0.002557103
1/1/2007,-2.746714696,0.9793477,0.00112605,-0.791615109,0.9932063,0.004428782,-1.290334253,0.9883992,0.006412418,-0.750729077,0.9927507,0.002199178,-0.222269294,1.0006719,0.0078376,-0.414191471,0.9941498,0.007623792,-2.032407077,0.9933952,0.002653014,-0.436525051,0.9988575,0.005944365,-0.542623816,0.9920436,0.00326104,-0.343136265,0.9967652,0.001208908,-0.397041307,0.9993037,0.002512989,-0.808659513,0.991285,0.002345582,-0.342366745,0.9971355,0.000589772,0.129157886,1.0000083,0.003829933,0.094319103,0.9989053,0.002721901,-0.971498298,0.992334,0.003167337,-4.410658042,0.9770403,0.000879452,-1.186444257,0.9930167,0.000799726,-1.823427344,1.0026016,0.00867343,-2.453357697,0.9997028,0.002556343
4/1/2007,-2.119803711,0.9871638,0.001111596,-0.514445668,0.994734,0.00440546,-1.238686463,1.0012801,0.006420627,-0.00502225,1.0011877,0.002201789,0.099738563,1.0075491,0.007896767,0.089538595,0.9975821,0.007605358,-0.832557326,0.9999503,0.002652882,0.064093761,1.0066803,0.005984075,-0.361275432,1.0001462,0.003261517,0.373505477,0.9936899,0.00120128,-0.893628384,1.0013461,0.002516372,-1.028137658,0.996913,0.002338341,0.071423572,0.9987376,0.000589028,-0.738833541,1.0015412,0.003835836,-0.297187598,1.0022823,0.002728114,-1.158065977,0.9987748,0.003163457,-3.531161124,0.9855318,0.000866728,-1.584604148,0.9928513,0.000794009,-0.913931888,1.0026011,0.00869599,-1.764547363,1.0032089,0.002564546
7/1/2007,-2.198407676,0.9799698,0.001089331,-0.073251359,0.9962435,0.004388911,-0.984952823,1.0041954,0.006447564,-0.339920946,0.9986831,0.00219889,-0.569127116,1.0040722,0.007928924,-0.130744219,0.9991043,0.007598546,-1.988149258,0.9971039,0.002645199,-0.499844603,1.0063217,0.006021904,-0.944435752,0.9990884,0.003258544,0.112408906,0.9937121,0.001193727,-1.576633837,0.9984427,0.002512453,-1.215129695,0.9947204,0.002325996,-1.905005253,0.9917703,0.00058418,-1.215701596,0.99843,0.003829813,-1.054162116,1.0000669,0.002728296,-1.143014455,0.9964849,0.003152337,-3.582412039,0.9799921,0.000849386,-2.219871763,0.9948325,0.000789906,-0.864793407,0.9963743,0.008664461,-1.80382811,0.9990601,0.002562136
10/1/2007,-1.549509322,0.9812932,0.001068953,-0.810971233,0.9954321,0.004368863,-0.847436184,0.9981609,0.006435706,-0.255705373,0.9963157,0.002190789,-0.402306522,1.0027762,0.007950937,-0.116190096,0.9970185,0.007575891,-2.005250261,0.9982035,0.002640447,-0.575628312,1.0021228,0.006034687,-0.274214673,0.9994329,0.003256696,-0.374139894,0.9927937,0.001185124,-1.373360246,0.9988486,0.002509561,-0.633350082,0.9937729,0.002311511,0.604763823,0.9978976,0.000582952,-0.605755266,0.999066,0.003826236,-0.786186635,1.0018916,0.002733457,-0.641976547,0.9958136,0.00313914,-1.600070059,0.9850858,0.000836718,-1.434365795,0.9950972,0.000786034,-1.043339169,0.99646,0.008633789,-2.927102942,0.9977883,0.002556469
,,,,,,,,,,,,,,,,,,,,,,,,,,,,,,,,,,,,,,,,,,,,,,,,,,,,,,,,,,,,
,,,,,,,,,,,,,,,,,,,,,,,,,,,,,,,,,,,,,,,,,,,,,,,,,,,,,,,,,,,,
,,,840633.3887,,,1020033.39,,,1643833.305,,,578699.9914,,,1522233.26,,,1540466.638,,,582233.2927,,,1344733.383,,,704099.9555,,,324499.9881,,,494333.2493,,,637499.9698,,,144866.6756,,,857999.9714,,,618999.9738,,,788933.3196,,,476799.9687,,,235500.0028,,,1902533.325,,,538200.0045
,,,,,,,,,,,,,,,,,,,,,,,,,,,,,,,,,,,,,,,,,,,,,,,,,,,,,,,,,,,,
,,,544575.324,,,965297.4296,,,1578933.79,,,555543.0393,,,1624036.454,,,1539875.803,,,573763.08,,,1398030.521,,,693281.2715,,,291445.412,,,497105.8417,,,585721.9365,,,138228.7638,,,849792.6305,,,628915.4712,,,769278.0385,,,345209.0934,,,205256.0843,,,1951730.635,,,543696.0858
,,,-296058.0647,0,0,-54735.96057,0,0,-64899.51456,0,0,-23156.95212,0,0,101803.1939,0,0,-590.8350759,0,0,-8470.212795,0,0,53297.13779,0,0,-10818.68396,0,0,-33054.57608,0,0,2772.592421,0,0,-51778.03332,0,0,-6637.911808,0,0,-8207.340873,0,0,9915.497429,0,0,-19655.28107,0,0,-131590.8753,0,0,-30243.9185,0,0,49197.30957,0,0,5496.081227
,,,209801.4812,,,857468.8771,,,1263124.432,,,429982.2136,,,1560516.093,,,1486906.49,,,518235.7799,,,1184417.155,,,639185.8619,,,232602.1543,,,492547.0203,,,453676.1033,,,114414.9397,,,750968.4525,,,536490.6852,,,616113.3573,,,164221.1358,,,154273.4783,,,1694538.226,,,501753.569
,,,-334773.8428,0,0,-107828.5526,0,0,-315809.3581,0,0,-125560.8256,0,0,-63520.36045,0,0,-52969.31325,0,0,-55527.30006,0,0,-213613.3654,0,0,-54095.40965,0,0,-58843.25778,0,0,-4558.821427,0,0,-132045.8332,0,0,-23813.82407,0,0,-98824.17802,0,0,-92424.78605,0,0,-153164.6812,0,0,-180987.9576,0,0,-50982.60599,0,0,-257192.4085,0,0,-41942.51678
,,,,,,,,,,,,,,,,,,,,,,,,,,,,,,,,,,,,,,,,,,,,,,,,,,,,,,,,,,,,
,,,,,,,,,,,,,,,,,,,,,,,,,,,,,,,,,,,,,,,,,,,,,,,,,,,,,,,,,,,,
