Year,Quarter,price,total.pce,n.durable,n.motor,n.furnishing,n.recreational,n.otherdurable,n.total.nondurable,n.food,n.clothing,n.gasoline,n.othernondurable,n.services,n.housing.utilities,n.healthcare,n.transport,n.recreation,n.food.services,n.financial,n.other.services,n.housing,n.utilities,n.outpatient,n.hospital,n.motor.services,n.public.transport,n.savings,n.pce,n.nondurable,deflator,n.energy,auerbach,hamilton,rgdp,rpg,miles,sales
1972,Q4,22.855,800.5,123.4,52.701,35,24.2,11.5,268.1,118.6,56.3,31.364,61.8,409,136.1,62.1,25.2,16.9,50.7,38.3,66.2,112.167,23.952,27.414,34.664,16.094,9.098,127.6,769.136,236.7,24.134,51.108,0,0,1.67446,,,-4.3180603
1973,Q1,23.131,825,131.8,57.07,37.1,25.5,12.2,275.5,121.1,58.3,32.524,63.5,417.7,138.6,64.4,25.6,17.6,52.7,38.7,66.9,115.031,23.528,28.54,35.905,16.375,9.195,121.7,792.476,243,24.412,51.789,0,0,2.47481,,1.10951,-2.9172157
1973,Q2,23.576,840.5,131.3,55.834,37.7,25.1,12.7,281.4,124,59,33.454,64.9,427.8,141.8,66.5,25.9,18.2,53.5,39.5,68.7,117.615,24.179,29.504,36.975,16.633,9.285,132.7,807.046,247.9,24.787,53.22,0,0,1.08865,,1.00268,8.3090958
1973,Q3,24.005,858.9,130.8,54.038,38.2,25.5,13.1,289.9,129.7,59.4,34.234,66.6,438.2,145.3,68.1,26.2,18.5,55.5,40.3,70.4,120.263,25.054,30.545,37.51,16.731,9.494,136.6,824.666,255.7,25.27,54.799,0,0,-0.5259,,0.76555,3.3601925
1973,Q4,24.496,873.9,128.2,50.489,38.9,25.3,13.6,297.7,132,60.3,37.087,68.3,448,148.3,69.7,26.6,19.1,57.6,41.3,71.3,123.047,25.223,30.833,38.888,16.841,9.756,152.3,836.813,260.6,25.773,57.723,0,1,0.94923,,0.68669,-5.4793943
1974,Q1,25.225,891.9,126.7,47.026,40.1,25.5,14,308.9,137.6,61.6,39.207,70.4,456.4,151.5,71.9,27.4,19.6,57.9,41.1,72.3,125.917,25.572,31.992,39.865,17.007,10.358,148.7,852.693,269.7,26.26,60.086,1,1,-0.85977,,-0.6296,-10.456583
1974,Q2,25.939,920.4,130.6,48.14,41.2,26.6,14.6,318,139.6,62.7,44.173,71.5,471.8,156.4,74.6,28.1,20.4,59.7,42.6,74.4,128.364,28.07,32.4,42.212,17.297,10.782,139.6,876.227,273.8,26.88,67.365,1,1,0.23768,,-0.96252,12.670004
1974,Q3,26.639,949.3,136.3,52.134,41.8,27.6,14.8,327.7,145.8,63.6,45.647,72.7,485.3,160.8,77.4,28.8,21.4,61.4,45.1,74.7,131.24,29.554,33.483,43.943,17.954,10.873,140.2,903.653,282.1,27.668,70.201,1,1,-0.94513,,-0.28208,2.6002962
1974,Q4,27.316,959.1,127.1,45.364,40.4,26.6,14.8,330.9,149.1,61.8,46.369,73.6,501,165.6,80.4,29.6,22.4,63.5,47.4,76,134.661,30.938,34.753,45.683,18.722,10.893,156.5,912.731,284.5,28.482,72.198,1,1,-0.38814,,0.08571,-2.9532274
1975,Q1,27.83,985.2,131.8,47.653,40.8,27.8,15.5,336.2,151.5,64.1,45.653,75,517.2,170,84.5,30.5,23.1,65.5,50.2,77.2,137.917,32.053,36.654,47.88,19.345,11.112,148.6,939.547,290.5,29.129,72.415,1,1,-1.2173,,0.9901,-7.9962946
1975,Q2,28.172,1013.6,136.7,48.55,41.9,30.2,16,344.8,154.8,66.5,46.948,76.6,532,174.9,87.7,31.4,23.2,68,51.3,78.9,140.625,34.272,38.005,49.714,20.346,11.072,188.5,966.652,297.9,29.562,75.8,0,0,0.71454,,0.94225,12.1013288
1975,Q3,28.699,1047.2,146.8,55.5,43.1,31.1,17,356,159.8,68.1,49.4,78.7,544.4,178.7,89.5,32.6,23.8,69,51.8,81.6,143.718,35.002,38.869,50.654,21.111,11.496,158.9,997.8,306.6,30.084,78.907,0,0,1.71166,,0.77954,1.6812983
1975,Q4,29.18,1076.2,153.4,58.868,44.5,32.4,17.6,359.7,160.2,68.8,50.079,80.6,563.2,182.5,94.2,33.7,24.6,72.8,53.9,83.6,147.418,35.1,40.447,53.777,21.694,12.001,160.1,1026.121,309.6,30.587,79.545,0,0,1.34651,,0.53768,-3.8485917
1976,Q1,29.502,1109.9,163.3,65.798,45.8,33.3,18.4,367.4,163.3,70.3,51.134,82.7,579.2,187,97.3,34.9,25.2,75.1,55.1,85.8,150.726,36.236,41.488,55.84,22.355,12.536,156.3,1058.766,316.3,30.911,81.564,0,0,2.24876,,1.07099,-3.1415723
1976,Q2,29.749,1129.5,165.9,66.961,46.4,33.7,18.9,373.1,165.8,71,51.593,84.6,590.6,190.9,100.3,35.7,25.9,76.8,55.3,86.8,153.963,36.937,43.097,57.241,22.76,12.97,154.8,1077.907,321.5,31.222,82.597,0,0,0.7337,-0.500797798,1.79552,9.7859982
1976,Q3,30.2,1158.8,169.8,68.709,47.4,34.3,19.4,380.6,168.5,73,53.228,85.8,608.4,196.5,103.4,36.4,27.1,79.3,57.4,89.4,157.688,38.815,43.726,59.629,23.074,13.369,155.4,1105.572,327.4,31.626,85.972,0,0,0.54872,2.708603009,1.38974,1.4821646
1976,Q4,30.678,1192.4,175.5,71.22,49,35.5,19.8,389.6,171.5,74.5,56.097,87.5,627.3,204.3,106.4,37.6,28,80.1,59.2,92.5,161.76,42.527,45.103,61.273,23.811,13.746,151,1136.303,333.5,32.192,92.414,0,0,0.72485,-1.60151531,1.36843,-2.1355095
1977,Q1,31.231,1228.2,183.9,78.285,51.1,35.9,18.7,396.5,175,75.7,56.562,89.2,647.8,210.2,109.7,39.4,28.2,84.8,60.7,94.8,166.6,43.562,46.362,63.358,25.289,14.148,141.9,1171.638,339.9,32.711,93.747,0,0,1.18149,-0.385185035,0.70247,-6.0637992
1977,Q2,31.766,1256,189.2,78.729,52.6,37.3,20.6,403.7,178.9,77.4,57.323,90.1,663.1,213.3,114.8,40.8,29,85.6,63.2,96.4,171.035,42.245,48.605,66.199,26.293,14.539,150.4,1198.677,346.4,33.172,93.052,0,0,1.94411,2.126528897,1.06444,9.5514267
1977,Q3,32.243,1286.9,194,79.879,53.9,38.4,21.8,409.9,180.3,79.8,57.899,91.9,683,221.1,118,42.3,30,85.7,66.7,98.5,175.479,45.659,51.007,66.972,27.363,14.95,160.4,1229.001,352,33.576,96.82,0,0,1.80435,0.047351484,1.06243,2.1145814
1977,Q4,32.702,1324.8,200.7,82.29,55.8,39.4,23.2,423.6,184.9,84.3,59.482,95,700.5,226.6,120.3,43,31,86.6,69.8,101.3,180.296,46.346,52.013,68.248,27.603,15.396,171.1,1265.318,364.1,34.301,98.783,0,0,0.00219,-2.407300079,1.07834,-2.165187
1978,Q1,33.238,1354.1,198.2,80.468,55.3,40,22.3,431.1,188.6,84.7,60.204,97.5,724.8,234.5,125.2,43.7,31.7,90.2,72.8,104.5,186.077,48.389,53.393,71.856,28.259,15.461,177.6,1293.896,370.9,34.8,101.35,0,0,0.31918,-4.004337726,1.1055,-6.1372107
1978,Q2,33.921,1411.4,216.2,92.443,59,41.5,23.2,444.8,193.8,89.1,60.596,101.4,750.4,241.3,129.5,45,32.3,95.2,77.1,107.4,191.663,49.591,54.133,75.393,29.379,15.613,167.6,1350.804,384.2,35.465,102.798,0,0,3.86425,-0.61189409,0.88292,10.9444524
1978,Q3,34.517,1442.2,216.7,91.18,59.8,41.7,24,455.6,198.5,90.5,61.166,105.5,769.9,246.7,132.8,45.8,33.4,100,77.6,110.3,196.944,49.787,54.796,77.988,29.896,15.934,176.5,1381.034,394.4,36.067,103.354,0,0,1.00552,2.180135882,2.10774,1.1450128
1978,Q4,35.169,1481.4,222.3,92.601,61.8,43.5,24.4,469.4,203.5,93,63.846,109,789.7,254.7,137.3,46.3,34.1,103,79.4,111.1,203.295,51.369,56.603,80.647,30.414,15.843,178.5,1417.554,405.6,36.806,107.321,0,0,1.34415,0.197478544,1.37854,-1.9798759
1979,Q1,35.831,1517.1,223.3,92.68,62.5,44.5,23.6,484.6,210.9,93.2,68.799,111.7,809.3,262.4,141.7,48.1,35.3,107.1,76.3,113.1,208.14,54.257,58.636,83.024,31.786,16.354,195,1448.301,415.8,37.476,114.981,0,0,0.17978,3.428243198,1.01807,-6.9891816
1979,Q2,36.81,1557.6,222.1,86.786,64.3,46.3,24.7,500.1,215.7,94.7,75.076,114.6,835.5,268.1,146.1,49.9,36.3,108.5,85.3,115.2,213.681,54.457,60.178,85.899,32.895,17.022,185.1,1482.524,425,38.394,121.24,0,1,0.10693,12.9532606,0.51417,1.8822716
1979,Q3,37.724,1611.9,230.9,91.801,66.9,46.4,25.8,522.3,220.1,98.1,86.106,118.1,858.6,276,151,51.3,37.3,111.4,86.8,118.8,221.056,54.932,62.741,88.265,33.501,17.809,182.1,1525.794,436.2,39.234,132.52,1,1,0.74287,13.6117246,-1.7114,-0.5176739
1979,Q4,38.637,1655,229,89.432,67.3,46.1,26.2,539.4,226.8,99.5,91.569,121.5,886.6,287.1,156.6,53.5,38,116.7,85.8,121.7,229.226,57.863,64.579,92.035,34.618,18.836,184.9,1563.431,447.8,39.962,140.682,1,1,0.25007,4.055020684,-0.49977,-2.7201178
1980,Q1,39.797,1702.3,232.1,91.768,67.4,45.5,27.3,559.9,232.8,100.2,101.648,125.3,910.3,296.4,162.4,54.2,39.1,118.5,87.7,123.7,235.353,61.096,66.574,95.867,34.537,19.651,195.8,1600.652,458.3,40.801,153.699,1,1,0.31452,12.19457673,-0.16499,-7.0034587
1980,Q2,40.771,1704.7,211.9,74.693,66,44.6,26.6,565.9,236,100.6,102.881,126.5,926.9,306.3,165.7,53.8,39.9,119.5,87.4,124.8,242.138,64.205,68.04,97.64,34.051,19.782,223.6,1601.819,463,41.772,157.772,0,1,-2.06048,3.361875996,-0.61211,4.5142273
1980,Q3,41.724,1763.8,225.4,84.157,67.4,46.5,27.3,576.5,241.3,103.9,100.975,130.3,961.9,317.8,174.7,56,41.3,122.1,92,127.6,249.899,67.856,71.707,102.966,35.454,20.581,234.1,1662.825,475.5,42.705,159.306,1,0,-0.11885,-2.287746401,0.0306,-0.313067
1980,Q4,42.757,1831.9,236.2,87.104,70.6,49.3,29.3,591.3,246.6,107.3,102.086,135.3,1004.4,329.3,183.8,57.4,43.1,126.8,99.5,132.6,258.816,70.451,76.221,107.628,36.462,20.95,242.9,1729.814,489.2,43.818,162.83,1,0,1.86493,-3.490254425,0.06966,-1.849079
1981,Q1,43.866,1885.7,246,96.734,71.5,48.5,29.3,614,250.6,110.9,113.447,139.1,1025.6,334.2,191.4,59.3,44.7,131.6,99.2,132.8,266.183,67.996,78.932,112.481,37.866,21.433,236.6,1772.253,500.6,44.972,171.494,1,0,1.95944,6.22323833,0.20654,-4.6669727
1981,Q2,44.601,1917.5,240.9,89.827,71.8,49.6,29.7,622.8,254,112.5,114.407,142,1053.7,347.9,199,58.8,46.5,133.9,98.5,135.6,273.905,74.031,82.416,116.609,37.362,21.472,241.4,1803.093,508.4,45.863,178.18,1,1,-0.74108,0.594252674,0.56698,7.4932944
1981,Q3,45.336,1958.1,251.9,98.766,72,51.2,30,629.1,256.7,114.7,112.599,145.1,1077,357.6,206.2,60.5,48.2,134.6,97.1,138.4,281.849,75.788,85.838,120.328,39.233,21.264,282.6,1845.501,516.5,46.726,177.678,1,1,1.19752,-3.45830109,0.85046,0.5130602
1981,Q4,46.031,1974.4,236.8,86.737,70.6,50.2,29.3,635.7,260.1,114.6,113.32,147.7,1101.9,368.5,211,60.5,49.1,135.6,99.1,142,289.857,78.674,87.151,123.897,39.175,21.352,301.2,1861.08,522.4,47.534,181.005,1,1,-1.08955,-2.38941132,0.35388,-2.4152789
1982,Q1,46.616,2014.2,246.4,97.178,70.1,49.9,29.2,639.9,262.3,116.1,111.964,149.6,1127.9,378.5,215.4,60,50.7,137.1,104.5,144.9,294.994,83.48,87.464,127.9,38.62,21.417,293.2,1902.236,527.9,48.188,184.264,1,1,-1.55354,-4.457043854,-0.48101,-7.2212591
1982,Q2,47.064,2039.6,249.2,96.917,71.3,51.1,29.9,638.7,265.9,114.9,106.082,151.9,1151.7,382.2,221.1,60.9,51.7,141,108.3,149.1,298.726,83.488,89.115,131.982,39.164,21.754,301.6,1933.518,532.6,48.814,178.056,1,1,0.4562,-6.372233895,0.4576,10.661135
1982,Q3,47.808,2085.7,252.1,98.652,71.9,51.5,30,649.7,268.6,117.2,108.679,155.3,1183.8,389.5,228.3,62.4,53.1,144.6,115.5,152,305.733,83.782,91.758,136.522,40.134,22.262,303,1977.021,541,49.506,180.665,1,0,-0.3823,3.570212978,1.65088,-1.1033711
1982,Q4,48.335,2145.6,264.4,107.309,73.9,52.6,30.5,656.7,271.8,118.9,106.675,159.4,1224.5,399.8,236,63.6,54.4,147.3,126.5,157.7,312.589,87.2,94.438,141.552,41.318,22.246,275.5,2038.925,550,50.019,181.737,0,0,0.03994,-4.099038679,0.93133,-2.1445218
1983,Q1,48.735,2184.6,268.9,106.025,76.1,54.9,31.9,657,270.9,120.5,102.964,162.6,1258.7,406,243.6,65,56.4,150.1,135.5,162.6,317.96,88.031,98.035,145.541,42.576,22.394,278.4,2081.636,554,50.397,178.417,0,0,1.31785,-7.706333856,1.04815,-5.1580006
1983,Q2,49.18,2249.4,289.6,121.549,77.9,57.2,33,673,275.7,125.3,105.309,166.7,1286.8,415.9,250.2,67.1,58.8,152,134.4,168.4,322.973,92.904,101.521,148.65,43.839,23.268,251.9,2144.091,567.7,50.771,185.353,0,0,2.27561,4.325261873,0.69645,7.2271004
1983,Q3,49.827,2319.9,302.4,127.089,81.2,59.7,34.3,688.4,279.8,127.9,109.281,171.5,1329.1,426.5,256.2,70.3,60.3,155.1,148.2,171.4,330.262,96.269,105.26,150.985,45.708,24.633,251.8,2210.619,579.1,51.311,192.311,0,0,1.99907,1.47997719,0.79912,2.9636714
1983,Q4,50.156,2372.5,319.3,137.119,83.9,62.9,35.4,696.5,281.7,132.1,108.27,174.5,1356.7,436.5,262.5,73.2,62.2,157,145.9,177,337.718,98.791,108.395,154.109,47.953,25.226,274,2264.23,588.2,51.7,193.309,0,0,2.08622,-3.848261274,0.88531,-1.9121008
1984,Q1,50.698,2418.2,331.4,143.396,85.8,65.8,36.4,706.5,285.4,134.4,108.041,178.6,1380.3,440.7,269.2,76.8,63.6,161.6,142.8,182.5,344.491,96.199,111.731,157.448,50.064,26.686,311.8,2310.159,598.5,52.223,189.98,0,0,1.95477,-3.44522662,0.74958,-6.0650291
1984,Q2,51.189,2475.9,341.3,147.234,88.8,67.1,38.1,722.4,290.6,138.2,109.584,184,1412.2,453.4,273.6,79.2,65.1,162.7,148.9,184.5,352.623,100.744,113.983,159.655,51.675,27.495,325.9,2366.316,612.8,52.67,195.635,0,0,1.72779,0.706099513,1.24523,8.6276575
1984,Q3,51.584,2513.5,342.1,146.1,89.4,68,38.6,724.6,293.5,137.3,106.992,186.8,1446.9,463.1,278.7,80.4,67,167,155.6,189.2,362.426,100.631,117.08,161.658,53.938,26.422,346.1,2406.508,617.6,53.138,192.435,0,0,0.96406,-3.055335956,1.1138,0.3484354
1984,Q4,51.902,2561.8,353.8,152.036,91.4,70.5,40,732.8,294.8,140.6,108.186,189.1,1475.2,472.9,284.4,83.8,68.7,168.4,155.8,193.7,371.189,101.737,120.284,164.067,56.211,27.573,337.6,2453.614,624.6,53.536,194.312,0,0,0.82086,-0.798399549,0.85856,-2.138655
1985,Q1,52.514,2636,368,162.848,92,73,40.2,742.4,297.8,143.1,108.141,193.4,1525.6,487,291,87.4,71,170.5,173.4,198.4,379.028,108.005,123.811,167.173,59.415,27.94,282.7,2527.859,634.3,54.065,199.895,0,0,0.96909,-5.670245915,0.62083,-4.543565
1985,Q2,52.94,2681.8,373.3,165.666,93.4,73.3,40.8,752.8,300.5,145.7,111.51,195.1,1555.8,491.7,297.7,89.6,73.1,174.6,175.7,205.8,389.18,102.528,127.467,170.241,61.333,28.299,317.3,2570.29,641.3,54.413,197.384,0,0,0.88046,6.267703154,1.00082,8.4370471
1985,Q3,53.355,2754.1,396.5,185.418,95.1,73.7,42.2,760.5,303.8,148,111.049,197.7,1597.2,505.3,306.1,91,74.8,175.4,183.8,212.6,400.068,105.222,131.395,174.691,63.046,27.997,256.4,2643.051,649.5,54.741,199.003,0,0,1.52712,-0.328853966,0.86631,0.5010731
1985,Q4,53.727,2779.4,383.8,166.329,97.9,76.2,43.2,773.3,309.7,150.6,111.428,201.6,1622.3,518.4,314,92.6,76.9,176.7,180,214.7,410.217,108.192,135.105,178.898,64.358,28.192,283.3,2667.972,661.9,55.047,201.88,0,0,0.74329,-2.389954125,0.88995,-2.0542407
1986,Q1,54.108,2823.6,391.6,169.549,100.1,77.7,44.2,779.3,314.5,153.4,106.606,204.7,1652.8,522.9,320.6,93.4,78.4,181.4,189,216.3,417.836,105.091,137.679,182.909,64.763,28.611,301.2,2716.994,672.7,55.321,193.444,0,0,0.9335,-9.403698325,1.06,-4.6499731
1986,Q2,54.051,2851.5,407.3,180.3,101.9,79.6,45.4,767.5,314.1,157,89.532,206.8,1676.7,533.2,325.8,94,79.3,185.3,188.1,218.3,426.812,106.349,140.85,184.994,65.148,28.899,310,2761.968,678,55.531,177.087,0,0,0.45038,-16.37208204,0.68461,8.5946758
1986,Q3,54.336,2917.2,445.7,208.066,105.2,84.9,47.5,771,316.3,158.9,84.804,211.1,1700.5,542,332.6,95.4,80.6,187.8,185.6,223,434.698,107.315,145.105,187.528,66.001,29.435,281.7,2832.396,686.2,55.758,172.745,0,0,0.95703,-6.636172451,0.7012,2.6477967
1986,Q4,54.665,2952.8,441.1,192.16,106.5,89.8,52.7,779,320.7,159.5,83.822,214.9,1732.7,549.8,341.6,97.2,83.1,192.3,188,227,442.731,107.07,149.788,191.784,67.284,29.894,269.5,2868.978,695.2,56.062,171.003,0,0,0.53708,-5.068293694,0.93892,-2.1574028
1987,Q1,55.179,2983.5,418.5,169.526,107.9,89.8,51.3,797.4,321.9,164.2,91.653,219.7,1767.6,555.6,350.6,99.5,84.6,198.1,189.3,235.6,449.106,106.514,157.025,193.568,69.182,30.319,303,2891.847,705.7,56.418,177.827,0,0,0.74517,7.559409902,1.36787,-6.7074825
1987,Q2,55.711,3053.3,439.1,186.316,108.9,91.7,52.2,812.3,324,166.7,96.229,225.4,1801.9,566.8,361,101.8,86.1,202.2,189,240.3,455.861,110.905,161.736,199.242,70.996,30.808,233.2,2957.071,716.1,56.809,186.247,0,0,1.0789,5.020577686,1.32773,11.1901793
1987,Q3,56.239,3117.4,460.5,204.255,110.7,93,52.6,820.7,325.2,169.5,97.925,228,1836.2,576.5,371.9,104.4,88,205.1,189.2,244.5,464.707,111.838,167.364,204.564,72.69,31.758,260.9,3019.475,722.8,57.239,188.347,0,0,0.86761,3.557834892,0.8467,0.2634153
1987,Q4,56.725,3150.9,449.9,192.628,110.7,92.7,53.9,826.8,326.1,170.6,99.667,230.4,1874.2,587.3,380.5,106.6,90.4,212.1,190.6,249.3,476.33,110.976,171.602,208.945,74.348,32.289,304.4,3051.233,727.1,57.695,188.99,0,0,1.71705,-2.233534424,1.1379,-1.8959392
1988,Q1,57.173,3231.9,470.4,205.898,112.3,96.3,56,838.4,333,172.7,98.42,234.2,1923.1,599.8,392.7,109.4,93.8,214.9,195.6,256.5,484.854,114.989,178.02,214.66,76.422,32.957,303,3133.48,740,58.147,191.316,0,0,0.51663,-6.329449201,1.1892,-4.0815928
1988,Q2,57.805,3291.7,473.2,202.318,114.5,99.3,57.1,853.5,339.9,175,99.618,239,1965,607.1,404.4,112.6,97.6,222.4,199.1,259.3,491.999,115.058,183.479,220.94,78.259,34.358,319.6,3192.082,753.9,58.713,192.124,0,0,1.31387,2.277166432,1.35156,7.0755803
1988,Q3,58.517,3361.9,470.4,196.832,115.2,100.2,58.1,870.8,347.1,179.3,100.873,243.5,2020.7,620.1,416.7,115.9,100.9,230.3,207.2,265,501.566,118.577,189.086,227.648,80.683,35.22,330,3261.027,769.9,59.415,196.221,0,0,0.58593,1.880461258,1.35789,0.6573511
1988,Q4,59.108,3434.5,486.2,203.805,118.6,103.8,60,886.3,351.3,185.8,100.491,248.8,2062.1,630.7,426.4,118.7,104.6,235.7,209.8,270.3,510.902,119.805,194.167,232.207,82.72,35.979,329.4,3334.009,785.8,59.929,196.645,0,0,1.3325,-3.972809081,1.18063,-2.0164173
1989,Q1,59.787,3490.2,486.5,206.096,120.1,100.8,59.5,902.5,357.8,186.2,103.502,255,2101.2,639.8,437.1,121.1,107.8,237.5,218.1,274.2,517.908,121.843,198.593,238.518,84.08,37.027,358,3386.698,799,60.553,200.943,0,0,1.0166,-2.845175648,1.24693,-5.3302018
1989,Q2,60.593,3553.8,493.3,207.677,121.3,103.6,60.8,927.7,362,189.6,116.218,260,2132.7,646.7,444.8,121.8,109.7,239.8,222.8,279.5,525.983,120.739,201.762,243.053,84.738,37.079,332.3,3437.582,811.5,61.198,211.966,0,0,0.76327,17.21409952,0.99251,6.0218678
1989,Q3,60.95,3609.4,505.6,216.833,121.8,105.2,61.8,936.3,367.8,191.5,110.673,266.3,2167.5,657.8,454.5,122,112,244.8,223.4,283.9,534.801,123.04,206.045,248.448,85.022,36.971,325.2,3498.727,825.6,61.645,208.166,0,0,0.74088,-4.337304489,0.9988,0.842048
1989,Q4,61.43,3653.7,491.9,200.478,122.4,106,63,951.3,374,194.3,111.361,271.7,2210.5,676.4,468.4,122.5,113.1,248.3,224.9,286.9,545.456,130.902,212.16,256.253,85.27,37.201,344.4,3542.339,839.9,62.084,216.164,0,1,0.19705,-6.081045356,0.95662,-0.8738378
1990,Q1,62.32,3737.9,515.4,218.403,124.6,106.7,65.7,974.2,383,195.7,116.416,279.1,2248.4,675.2,483.1,124.7,117.2,257,227.3,292.5,555.073,120.151,219.312,263.773,86.157,38.498,351.9,3621.484,857.8,62.754,209.976,1,1,1.09279,2.09185479,0.65348,-6.2424629
1990,Q2,62.886,3783.4,498.4,206.217,121.2,105.7,65.2,980.9,390,195.7,113.8,281.4,2304.2,692.4,499.4,126.7,120.9,262.1,229.1,298.9,565.883,126.531,228.401,270.976,88.068,38.67,374,3669.6,867.1,63.457,213.319,1,1,0.36291,1.793255025,0.67418,5.1819311
1990,Q3,63.685,3846.7,493.6,202.933,119.8,105.2,65.6,1003.1,395.8,195.9,125.453,286,2350,706.4,515.2,126.9,123.5,266.7,231.8,301.5,577.943,128.417,237.127,278.112,87.759,39.103,360.7,3721.247,877.6,64.001,226.554,1,1,0.06652,10.79462806,0.55699,2.122762
1990,Q4,64.527,3867.9,480.9,192.921,118.1,104.6,65.3,1018.8,396,193.7,141.128,288,2368.2,712.2,527.1,127.2,125.5,265.2,234.8,297,583.586,128.576,243.662,283.44,86.826,40.406,357.9,3726.772,877.7,64.477,242.026,1,1,-0.91038,14.31237108,0.15504,-3.503968
1991,Q1,64.866,3873.6,471.7,181.698,118.4,106.2,65.4,1014.2,400.6,196.2,124.729,292.6,2387.7,719.7,536.3,122.9,124.9,266.4,241.9,297.1,590.014,129.662,246.462,289.861,84.507,38.379,383.4,3748.871,889.5,65.109,226.323,1,1,-0.46784,-16.32275511,-0.20551,-6.4778627
1991,Q2,65.221,3926.9,475.2,181.444,119.9,108.1,65.9,1021.8,406.3,200.3,119.583,295.6,2429.9,733.6,548.1,122.8,126,274.1,247.2,298.7,596.946,136.692,250.246,297.846,83.772,38.995,384.9,3807.317,902.2,65.587,227.695,1,0,0.77972,-2.215583565,0.17461,8.6736013
1991,Q3,65.664,3973.3,484.3,191.685,118.9,109.2,64.5,1024.4,405.1,201.3,119.775,298.2,2464.5,740,561.3,123.9,127.7,275.8,253.8,301.4,604.766,135.206,256.176,305.152,84.248,39.628,386.3,3853.525,904.6,66.099,225.841,1,0,0.5053,-1.064728443,0.59815,1.7838706
1991,Q4,66.14,4000,477.5,188.166,117.9,107.5,63.9,1020.7,399.9,198.5,120.428,301.8,2501.9,747.7,577.3,125.2,130.2,277.2,257.4,305,614.256,133.45,262.188,315.107,84.986,40.181,429.1,3879.572,900.3,66.492,224.387,0,0,0.3485,-1.494766288,0.54385,-2.9909856
1992,Q1,66.555,4100.4,496.2,198.408,122,109.5,66.3,1037.7,402.7,205.8,120.106,309.1,2566.6,754.7,593.1,129.5,135.1,285.1,269.9,314.7,623.199,131.477,272.814,320.287,88.542,40.951,453.8,3980.294,917.6,66.739,222.052,0,0,1.19705,-6.090193413,0.83173,-3.6076788
1992,Q2,66.998,4155.7,501,202.283,123,108.9,66.8,1047.2,402.2,208.9,124.1,312,2607.5,766.6,607.8,131,138.3,280.6,273.5,322.5,630.716,135.923,280.506,327.271,91.537,39.476,476,4031.6,923.1,67.14,230.088,0,0,1.08435,5.925557739,0.74961,5.0340282
1992,Q3,67.425,4227,512.1,206.549,125.1,111.3,69.1,1061,404.9,213.5,126.849,315.9,2653.8,774.5,620.5,135.4,141.1,284.3,277.6,331.1,637.586,136.878,286.285,334.183,94.838,40.523,452.1,4100.151,934.2,67.468,233.236,0,0,0.98827,2.328613484,0.69111,2.6625775
1992,Q4,67.895,4307.2,523.1,211.954,127.1,114.3,69.8,1074.8,408,216.9,128.976,320.9,2709.3,788.7,629.8,138.6,144.7,295.3,287,334.6,646.327,142.343,290.948,338.847,97.61,41.01,433.5,4178.224,945.8,67.932,240.1,0,0,1.04316,-1.849796873,0.8722,-2.3461112
1993,Q1,68.299,4349.5,527.9,210.885,128.3,118.6,70.1,1079.1,408.3,215.4,128.645,326.8,2742.5,798,638.8,141.3,147.9,293.4,299.5,334.9,654.033,143.946,293.002,345.781,98.127,43.154,435.4,4220.855,950.5,68.313,240.31,0,0,0.1674,-4.190584691,0.67848,-5.344658
1993,Q2,68.758,4418.6,547.8,223.647,130.8,122.2,71.2,1086.3,411.4,217.9,126.443,330.5,2784.4,806.8,645,143.8,151.5,297.6,310.5,340,662.025,144.818,295.656,349.32,99.665,44.104,414.3,4292.157,959.9,68.719,238.222,0,0,0.58242,0.845131878,0.58436,8.7023864
1993,Q3,69.057,4487.2,556.6,225.961,132.6,124.8,73.4,1092.5,414.4,220.2,125.056,332.9,2838,822.4,652.8,147,156.1,301.5,319.9,347.9,670.011,152.348,299.014,353.792,101.401,45.607,372.3,4362.144,967.4,69.128,243.499,0,0,0.47731,-2.950798009,0.52783,3.5024028
1993,Q4,69.455,4552.7,573.8,238.369,133.7,128.3,73.3,1105.3,419.7,222.7,127.385,335.5,2873.6,832.6,658.7,150.9,158,301.1,326.1,354.5,679.471,153.105,302.127,356.542,103.896,46.984,368.7,4425.315,977.9,69.505,245.722,0,0,1.36011,0.031793607,0.51444,-2.9422897
1994,Q1,69.704,4621.2,588.8,247.101,135.2,131.8,74.7,1116.8,423.9,224.9,127.371,340.7,2915.6,847.2,667.1,154.9,160.6,301.8,327.8,362.4,692.981,154.173,307.775,359.34,107.382,47.54,350.4,4493.829,989.4,69.837,246.048,0,0,0.97022,-5.61699628,0.36405,-6.2126084
1994,Q2,70.093,4683.2,598.7,245.67,139.3,138.4,75.3,1128.1,430.2,225.5,124.823,347.7,2956.3,860.5,675.5,159.3,163.1,307.6,327.7,366.4,703.525,156.996,312.293,363.173,110.573,48.682,364.8,4558.377,1003.3,70.174,245.506,0,0,1.35505,3.038941304,0.71528,8.0433129
1994,Q3,70.596,4752.8,609.3,247.733,142.5,142,77.1,1149.6,435.2,227.7,132.234,354.4,2993.9,868.1,684.7,163.2,166.4,310.8,325.9,375.4,714.845,153.261,316.243,368.442,113.396,49.759,357.2,4620.566,1017.4,70.577,248.373,0,0,0.58452,6.924408802,0.70141,2.6431511
1994,Q4,70.927,4826.7,631.8,258.869,145.1,149.1,78.7,1163,439.1,231.7,132.495,359.7,3031.9,877.6,694.6,166.5,168.5,313,330.3,379.8,726.489,151.102,321.939,372.639,116.064,50.484,381.2,4694.205,1030.5,70.96,245.597,0,0,1.14552,-1.592681928,0.79866,-2.2988729
1995,Q1,71.274,4862.4,621.3,250.111,144.2,148.8,78.1,1166.9,440.8,228.5,134.528,363,3074.3,889.7,707.8,169.1,173.7,312.2,336.4,385,738.617,151.089,330.91,376.896,118.588,50.505,414,4727.872,1032.4,71.344,247.05,0,0,0.35476,-3.241940482,1.53275,-4.3501559
1995,Q2,71.689,4933.6,626.9,251.639,145,151.3,79,1177,442.5,229.7,135.756,369.1,3129.7,907.8,715.6,174,179.6,315.6,344.6,390.8,750.981,156.786,335.041,380.538,120.743,53.246,379.9,4797.844,1041.2,71.687,253.414,0,0,0.29834,5.497556452,0.54709,7.1215114
1995,Q3,71.981,4998.7,642.5,257.58,148.1,156.8,80,1183.7,443.8,233.4,132.615,373.8,3172.4,924.1,723.6,179.2,183.3,317.9,350.7,391,761.823,162.284,338.708,384.86,124.286,54.88,381.6,4866.085,1051.1,72.04,255.329,0,0,0.85068,-2.1364132,0.45972,1.5313738
1995,Q4,72.298,5055.7,652.2,263.505,149.7,157.9,81.1,1191.7,447.9,233.4,130.719,379.7,3211.8,933.1,732.6,183.2,187.8,318.8,356.3,395.5,772.87,160.272,341.729,390.859,126.664,56.526,372.7,4924.981,1061,72.387,250.906,0,0,0.67902,-5.530600384,0.42711,-2.0116274
1996,Q1,72.7,5130.6,659.8,269.096,148.8,159.7,82.3,1211.2,453.4,235,139.095,383.7,3259.6,950.2,736.3,185.3,189.8,320.3,364.4,405.2,782.011,168.199,345.232,391.107,129.64,55.64,381.5,4991.505,1072.1,72.736,266.238,0,0,0.74895,2.09114554,-0.17334,-4.162042
1996,Q2,73.187,5220.5,676.3,273.423,153.9,164.7,84.4,1239.5,460.1,239.8,147.835,391.8,3304.6,959.1,748,189.9,193.6,324.8,369.2,409.4,790.721,168.347,349.199,398.811,131.724,58.215,377.8,5072.665,1091.7,73.037,273.916,0,0,1.66785,12.94402919,0.6741,6.068326
1996,Q3,73.499,5274.5,679.4,273.767,154.4,166.3,84.9,1246.5,464.3,240.4,143.46,398.3,3348.6,963.2,754.8,194.6,198.4,327.6,373.5,424.7,800.005,163.16,353.168,401.616,134.724,59.852,390.4,5131.04,1103,73.276,264.456,0,0,0.89699,-3.594580606,0.84412,1.7285935
1996,Q4,73.999,5352.8,689.6,277.653,157.1,169,85.8,1268.3,469.8,243,148.59,407,3394.8,977.3,769.1,201,200.6,333.5,381.3,422.5,808.973,168.343,357.647,411.484,137.42,63.53,379.4,5204.21,1119.7,73.668,274.142,0,0,1.03838,-0.771094894,0.85826,-1.5734176
1997,Q1,74.326,5433.1,705.6,291.015,157.9,170.6,86.1,1281,473.5,243.7,152.162,411.7,3446.5,988.1,776.3,206,204.2,339,392.4,436,819.941,168.188,361.144,415.201,140.923,65.085,379.1,5280.938,1128.8,74.107,277.182,0,0,0.64556,-0.219973897,0.86592,-6.474694
1997,Q2,74.512,5471.3,696.6,279.481,158.9,172.4,85.8,1277.7,471.8,244.4,144.326,417.2,3497,1001.1,785.4,210.2,207.3,341,402.3,446.2,832.453,168.693,366.003,419.379,144.072,66.082,403.6,5326.974,1133.4,74.257,269.401,0,0,1.662,-1.931371973,0.83553,8.811458
1997,Q3,74.709,5579.2,722.8,296.882,161.7,176.3,87.9,1297.3,476.4,249.9,146.479,424.6,3559.1,1014.4,796.5,214,209.5,346.6,416.3,456.5,845.629,168.788,371.801,424.689,146.341,67.673,378.4,5432.721,1150.8,74.579,270.831,0,0,1.25085,0.891857805,0.93302,2.2084975
1997,Q4,74.943,5663.6,737.2,304.952,163.5,179.2,89.5,1307.8,477.4,252,147.678,430.7,3618.6,1035.6,805.6,217,212.3,347.2,424.5,467.3,858.762,176.836,377.636,427.937,147.815,69.222,400,5515.922,1160.1,74.824,279.503,0,0,0.85882,-3.076102836,0.5831,-2.3628145
1998,Q1,74.949,5721.3,737.7,294.224,168.1,183.9,91.5,1306.7,478.9,254.6,136.162,437,3677,1041.3,820.2,220.1,216.3,353,432.1,478.9,872.491,168.855,384.094,436.071,149.127,71.012,476.9,5585.138,1170.5,74.933,259.596,0,0,0.99948,-10.53781319,0.56655,-5.5526329
1998,Q2,75.084,5832.6,769.2,315.038,171.6,188.7,93.9,1319.9,484.4,257.7,131.763,446,3743.4,1061.8,829.3,223,217.7,359.7,442.3,488.5,886.661,175.114,389.022,440.291,150.554,72.417,456.1,5700.837,1188.1,75.11,260.961,0,0,0.92581,-0.726198175,0.48979,8.7781239
1998,Q3,75.317,5926.8,785,320.676,174.9,194.7,94.8,1334.8,489.9,257.4,132.056,455.4,3807,1076.6,836.7,227.3,221.6,363.1,452.3,502.3,901.501,175.117,392.583,444.162,152.809,74.468,443.8,5794.744,1202.7,75.433,260.692,0,0,1.25257,-2.703770098,0.48628,2.9406976
1998,Q4,75.515,6028.2,825.2,350.881,179.6,198.2,96.4,1355.2,496.4,261.5,129.438,467.8,3847.9,1082.2,842,230.3,225.2,371.6,457.6,507.2,916.016,166.134,396.019,445.938,155.633,74.699,409.3,5898.762,1225.8,75.641,248.532,0,0,1.61588,-3.678997626,0.8205,-2.2097679
1999,Q1,75.713,6102.5,819.9,333.635,184.6,202.7,99,1384.9,504.5,267.5,126.32,486.6,3897.6,1099.5,848.9,234,229,371.9,468.2,512.9,928.857,170.688,398.988,449.89,158.647,75.316,418.1,5976.18,1258.6,75.926,249.11,0,0,0.94647,-4.874121889,0.40803,-6.6687622
1999,Q2,76.127,6225.3,854.8,357.342,188.1,208.6,100.8,1418.3,511.1,271.5,144.155,491.5,3952.2,1116,856.1,238.5,234.8,376.6,477.6,516.4,941.951,174.025,403.261,452.87,162.192,76.281,340.4,6081.145,1274.1,76.201,269.646,0,0,0.76916,19.61473974,0.50291,9.3895034
1999,Q3,76.53,6328.9,871.2,361.03,193.6,213.5,103,1440.1,517.7,272.2,153.402,496.9,4017.6,1134.7,867.8,244.3,241.7,380.7,489.1,519.8,955.04,179.632,409.534,458.272,165.435,78.843,314.6,6175.498,1286.7,76.462,283.975,0,0,1.30966,5.945996972,0.51056,1.2200528
1999,Q4,76.982,6459.6,876.3,350.915,198.4,218.9,108.1,1482.7,528.8,273.3,162.302,518.3,4100.6,1142.3,881.5,248.7,246.8,392,510.6,534.6,968.469,173.871,416.76,464.782,168.182,80.48,324.3,6297.298,1320.4,76.873,286.705,0,0,1.69959,2.4567911,0.70203,-0.7172761
2000,Q1,77.625,6613.6,920.9,379.25,204.2,228.7,108.7,1492.2,526.8,275.9,174.89,514.6,4200.5,1158.8,893.8,254.1,249.2,401.6,544.8,548.8,985.246,173.537,424.578,469.257,170.926,83.195,356.3,6438.71,1317.3,77.396,298.584,0,0,0.36176,9.034003032,0.97119,-6.5447103
2000,Q2,77.973,6707.5,901.9,353.555,207.7,229.7,110.9,1535.1,538.5,280.1,183.587,532.9,4270.5,1184.3,910,259.8,253.2,407.7,538.9,562.4,1000.837,183.493,432.442,477.581,173.298,86.484,365.7,6523.913,1351.5,77.865,316.905,0,0,1.83116,9.075435364,1.00996,6.7096246
2000,Q3,78.455,6815.4,911.7,358.808,210.1,231.9,110.8,1557.5,544.6,282.5,189.354,541,4346.2,1208.5,926.7,263.9,257,412.4,542.5,574.8,1018.252,190.245,440.326,486.364,175.611,88.242,373.3,6626.046,1368.1,78.309,328.992,0,0,0.13356,0.810144335,0.58731,1.9770212
2000,Q4,78.888,6912.1,915.8,361.298,210.4,233.1,111,1577.6,552.4,284.8,190.232,550.2,4418.7,1242.6,943.2,267.4,258.2,413.5,545.7,580.2,1037.616,204.997,449.156,493.995,177.649,89.712,337.7,6721.868,1387.4,78.723,344.097,0,0,0.62289,-2.266956843,0.25466,-2.3464571
2001,Q1,79.423,6986.9,926.8,372.477,212.7,231.4,110.2,1572.4,555.9,280.6,185.856,550.1,4487.6,1271.4,966.2,266.9,262.2,419.7,536.9,591.8,1058.345,213.097,461.198,505.001,179.3,87.556,384.1,6801.044,1386.5,79.204,347.37,0,1,-0.28518,-4.925898142,0.20457,-4.4918017
2001,Q2,79.795,7036.3,919.5,365.692,213.2,233.2,107.4,1590.6,563.5,278.4,190.33,558.4,4526.2,1281.3,985,264.3,262,418.8,529.6,607.6,1079.053,202.244,470.61,514.421,179.638,84.669,357.7,6845.97,1400.3,79.683,340.52,1,1,0.58456,11.3637556,0.27232,5.5912592
2001,Q3,79.842,7064.7,923.9,368.964,214.4,234,106.5,1591.4,566.5,275.3,179.817,569.8,4549.4,1295.3,1006.1,256.9,261.7,419.5,511.4,616.6,1095.443,199.887,480.181,525.937,179.218,77.702,511,6884.883,1411.6,80.004,327.038,0,1,-0.41504,-10.35504985,0.34871,3.320014
2001,Q4,79.892,7174.7,995.9,426.025,219.5,241.1,109.3,1581.9,570.2,277.1,155.94,578.6,4596.9,1301.9,1028.9,251.1,263.3,420.7,524.8,622,1109.197,192.707,491.196,537.712,178.296,72.823,313.7,7018.76,1426,80.268,295.432,1,0,0.27237,-15.6836355,0.51145,-2.3645428
2002,Q1,80.041,7209.9,976.2,395.047,224.8,244.7,111.8,1585.6,571.3,279.2,148.934,586.2,4648.1,1307.4,1052.1,251.9,266.6,430.4,523.3,626.9,1119.082,188.363,499.66,552.483,176.619,75.258,475.5,7060.966,1436.7,80.533,283.456,0,0,0.87451,-6.857026721,0.77632,-3.823529
2002,Q2,80.651,7302.1,977.4,392.964,226.5,244.6,113.3,1609.5,572.9,278.7,168.755,589.2,4715.2,1327.1,1074.6,252.1,269.7,435.4,530.3,630,1127.883,199.209,510.229,564.411,175.966,76.148,504.8,7133.345,1440.7,80.821,313.609,0,0,0.60573,20.14015849,0.54163,7.0985805
2002,Q3,81.045,7390.9,1001.7,419.577,224.8,244,113.3,1616.7,574.8,275.5,173.382,593,4772.5,1340.8,1094.3,251.1,272.1,438.6,538.4,634.9,1137.546,203.23,519.933,574.36,175.167,75.883,452,7217.518,1443.3,81.194,321.755,0,0,0.44457,0.12862988,0.60602,1.7243907
2002,Q4,81.42,7467.7,986.1,397.798,227.3,245.8,115.1,1641.9,581.2,282,180.528,598.2,4839.8,1359,1110.4,252.5,277.2,440.8,546.9,647.3,1148.832,210.187,529.064,581.348,175.294,77.16,462.5,7287.172,1461.4,81.654,335.333,0,0,0.15482,0.230832426,0.45179,-2.2750635
2003,Q1,81.994,7555.8,974.5,388.947,225.2,246,114.5,1682.8,588.9,278,206.705,609.2,4898.4,1374.5,1126.4,255.3,279.3,446.4,548,663.6,1160.721,213.76,534.093,592.303,176.469,78.869,452.2,7349.095,1476.1,82.025,364.418,0,0,0.55477,12.79443298,0.12779,-5.8486395
2003,Q2,82.015,7642.6,1007.8,402.548,232.6,253.2,119.5,1670.1,591.9,282.5,180.004,615.7,4964.7,1388.5,1144.7,255.2,284.8,457.6,558.3,670.5,1169.168,219.336,544.759,599.93,177.329,77.865,467.6,7462.596,1490.1,82.266,342.888,0,0,0.86026,-3.307542019,0.12253,7.0943794
2003,Q3,82.522,7802.6,1041.8,412.006,239.5,265.2,125,1724.5,605.8,290.1,197.354,631.2,5036.3,1397.6,1163.2,262.4,292.2,468.9,564.9,681.3,1181.632,216.01,555.257,607.907,178.896,83.492,500.8,7605.246,1527.1,82.712,356.743,0,0,1.69821,2.941379494,0.40869,2.9166159
2003,Q4,82.901,7891.5,1047.1,402.573,243.4,273.5,127.7,1741.8,611.7,290.6,201.584,637.9,5102.6,1415.8,1182,265.6,299.1,477.9,569.9,686.1,1197.055,218.794,565.711,616.239,180.486,85.068,465.4,7689.916,1540.2,83.201,363.068,0,0,1.14817,-5.639832119,0.52855,-1.7088784
2004,Q1,83.589,8027.7,1064.2,405.787,248.6,278.5,131.4,1779,620.5,296.6,218.904,643.1,5184.5,1434.5,1202,268.2,307.1,485.8,586.4,693.5,1211.877,222.635,575.596,626.392,181.209,87.005,437,7808.796,1560.1,83.82,383.574,0,0,0.53375,7.790459674,0.67146,-2.9098563
2004,Q2,84.162,8133,1066,399.102,252,283.5,131.4,1803,627.8,294.5,224.637,656.1,5264,1456.7,1226,268.9,309.3,493.1,596.4,706,1231.639,225.029,585.047,640.937,182.664,86.232,487.6,7908.363,1578.4,84.504,391.351,0,0,0.76208,16.01155634,1.00215,3.9838042
2004,Q3,84.586,8264.3,1085,409.585,256.2,287.5,131.8,1826.3,635.5,296.5,230.822,663.4,5353,1478.9,1252.5,272,313.2,502.6,610.4,716.9,1252.21,226.7,594.596,657.89,184.885,87.134,453.7,8033.478,1595.5,85.056,398.343,0,0,0.94533,-3.266595528,0.41366,1.3934484
2004,Q4,85.309,8425.6,1107.1,422.77,260.4,289.9,133.9,1877.5,646.6,301.9,256.567,672.3,5441,1506.2,1275,275.5,316.3,511.4,628.9,723.3,1273.263,232.973,601.765,673.271,187.501,87.968,476.8,8169.033,1620.9,85.712,430.061,0,0,1.00167,2.578271733,0.38806,-1.2524863
2005,Q1,85.795,8523,1110,409.199,264.5,298.8,137.5,1892,655.2,306.1,255.054,675.7,5521,1533.8,1291.9,277.7,321.7,520.3,640.7,733,1299.374,234.432,613.008,678.883,189.972,87.737,326.3,8267.946,1636.9,86.391,429.865,0,0,1.10696,-2.712935733,0.43094,-4.6383434
2005,Q2,86.31,8671.4,1137.9,422.084,269.7,306.7,139.4,1919.5,664.3,311.1,258.439,685.7,5614,1566.8,1309.5,282,325.7,530.2,652.3,740.5,1323.071,243.756,621.1,688.36,192.278,89.685,293.8,8412.961,1661.1,86.996,441.754,0,0,0.46156,14.1677534,0.30082,5.3145126
2005,Q3,87.232,8849.2,1151.8,430.123,272.6,308.5,140.7,1986,670.9,308.2,311.925,695,5711.4,1601.3,1333.2,286.2,329.1,536.4,667.8,747.8,1344.151,257.192,628.1,705.072,194.707,91.458,236.4,8537.275,1674.1,87.783,507.412,0,0,0.89133,15.0491082,0.2816,1.9011836
2005,Q4,87.913,8944.9,1114.7,378.411,278.3,311.6,146.4,2019.7,682.6,316.7,309.662,710.8,5810.4,1632.5,1347.6,289.7,336.1,547.6,675.4,759.1,1363.355,269.151,635.445,712.164,197.605,92.095,330.2,8635.238,1710,88.489,515.518,0,0,0.63146,-6.366679119,-0.02249,-1.9704118
2006,Q1,88.359,9090.7,1154.1,392.252,285.9,324.8,151.2,2042.7,688.8,317.4,304.355,732.1,5893.8,1644.1,1362.2,292.6,342.5,561.8,685.9,772.7,1383.534,260.598,639.191,723.03,199.344,93.233,417.5,8786.345,1738.3,89.107,500.644,0,0,1.33029,-4.603892493,0.41646,-4.4559208
2006,Q2,89.069,9210.2,1149.2,392.356,282.2,322.9,151.8,2076.8,695.6,318.4,327.56,735.3,5984.2,1673.5,1382.4,296.2,347.3,564.2,691.9,789.1,1406.362,267.181,647.466,734.906,201.025,95.132,390.4,8882.64,1749.2,89.852,529.321,0,0,0.2337,21.68402693,0.09249,5.3811921
2006,Q3,89.711,9333,1160.5,398.586,283.5,324.9,153.6,2112.9,701.7,320.6,349.2,741.3,6059.6,1702.9,1401.5,298.1,352.4,571.4,693.5,796.2,1428.278,274.645,655.235,746.245,202.698,95.447,352.4,8983.8,1763.7,90.481,557.951,0,0,0.15463,-1.248082941,-0.07833,2.8160339
2006,Q4,89.559,9407.5,1169.4,396.604,282.9,332.7,157.3,2092.8,714.9,323.7,297.484,756.8,6145.2,1708.9,1421.5,301.3,362.9,585.1,708.5,815.3,1446.514,262.382,660.769,760.724,205.672,95.673,382.1,9110.016,1795.3,90.815,493.524,0,0,0.85187,-20.42671108,0.36828,-1.9849203
2007,Q1,90.406,9549.4,1179,400.117,285.9,333.1,159.9,2129.1,725.6,325.9,311.938,765.7,6241.3,1738.3,1449.3,304.8,367.9,588.6,721,825.6,1461.117,277.158,674.747,774.565,207.499,97.334,418.6,9237.462,1817.2,91.708,522.036,0,0,0.23549,3.422924727,0.09036,-4.9102303
2007,Q2,91.139,9644.7,1185.7,400.823,284,336.8,164.1,2166.1,731.8,322.9,341.606,769.8,6292.9,1752.3,1464.5,305.4,372.9,596.9,727.9,830.4,1472.142,280.175,680.493,784.034,208.88,96.558,416.2,9303.094,1824.5,92.301,554.276,0,0,0.57287,25.63149872,0.22562,5.1136692
2007,Q3,91.653,9753.8,1191.9,399.251,283.2,342.2,167.2,2188.2,740.5,322.4,349.175,776.1,6373.8,1765.7,1488,308.4,378,604.7,746,834.3,1484.922,280.778,690.037,797.927,210.869,97.488,372.4,9404.625,1839,92.776,561.67,0,0,0.54327,-6.123453146,0.34026,2.3226855
2007,Q4,92.553,9877.8,1195.6,402.101,280.8,344.6,168.1,2232.6,751.5,322.7,379.468,778.9,6449.6,1776.4,1511,311.6,383.6,615.8,753.9,839.3,1501.818,274.619,699.979,811.054,210.731,100.855,359.4,9498.332,1853.1,93.145,584.923,1,1,0.60784,3.689795792,0.11179,-2.6930893
2008,Q1,93.329,9934.3,1153.5,378.044,274.3,335.3,165.8,2252.9,757.3,319.6,395.636,780.3,6527.9,1803.6,1535.3,313,386,613.4,760.7,847,1517.32,286.297,710.034,825.31,211.141,101.891,422.4,9538.664,1857.3,93.489,611.21,1,1,-0.5747,4.747130234,-0.22583,-4.5521553
2008,Q2,94.289,10052.8,1137.7,360.515,271.9,339.3,166,2305.8,770.7,324.9,421.153,789,6609.3,1828.9,1548.1,315.7,391.5,621.3,765.7,855.3,1531.53,297.341,719.75,828.331,211.433,104.299,620.6,9631.647,1884.6,93.99,646.667,1,1,0.51639,20.04633655,-0.37552,2.7318592
2008,Q3,95.266,10081,1095.8,339.142,262.4,330.1,164.2,2332.1,775.3,319.1,445.523,792.2,6653.1,1843.5,1562.2,315.1,391.8,624.2,760.3,862.1,1546.614,296.852,729.493,832.681,209.946,105.122,472,9635.477,1886.6,94.69,669.787,1,1,-0.54136,1.938231541,-0.72922,-1.4064566
2008,Q4,93.836,9837.3,1008,295.648,248.8,307.5,156,2167.1,773,305.8,302.043,786.2,6662.2,1865.5,1575.8,306.9,387,621.8,739.9,861.9,1562.095,303.388,736.585,839.201,206.061,100.863,664.7,9535.257,1865.1,94.986,531.094,1,1,-2.16381,-39.59611415,-0.63712,0.2304921
2009,Q1,93.274,9756.1,1004.5,302.076,242.5,304.3,155.6,2115.5,773.3,304.5,244.622,793.1,6636.1,1873.8,1600.1,299.7,387.4,614.8,712.9,855,1576.137,297.617,740.027,860.052,201.606,98.088,632.1,9511.478,1870.9,94.976,468.785,1,1,-1.1227,-19.22720147,-0.43196,-3.994104
2009,Q2,93.693,9760.2,994.7,306.089,238.2,293.6,156.8,2139.8,771.1,301.2,265.125,802.3,6625.7,1872.9,1627.5,292.9,383.9,611.2,708,845.6,1587.177,285.75,747.982,879.537,197.059,95.844,793.8,9495.075,1874.7,94.838,476.745,1,1,-0.14399,22.91871372,-0.18573,4.698641
2009,Q3,94.34,9895.4,1035.1,344.44,236.7,295.6,158.4,2193.4,771.3,304.7,308.879,808.5,6666.9,1875.8,1647.8,296.1,390.1,610.8,706.2,854.2,1592.593,283.161,752.501,895.295,197.328,98.764,609.8,9586.521,1884.5,94.938,516.465,0,0,0.36411,11.27507333,0.1013,1.7706865
2009,Q4,95.07,9957.1,1014.2,321.728,235.7,296.6,160.2,2222.9,776,305.8,329.483,811.6,6720,1888.2,1655.6,300.8,392.2,613.9,718,856.8,1593.79,294.4,753.193,902.359,198.893,101.865,630.3,9627.617,1893.4,95.259,546.942,0,0,1.09838,0.924255416,-0.07943,-2.3640701
2010,Q1,95.395,10040.5,1021.1,321.782,239.6,297.3,162.4,2245.1,784.5,312.7,329.766,818.1,6774.3,1890.9,1663.3,303.1,395.2,622.9,737.4,865.5,1594.127,296.799,760.967,902.35,201.4,101.735,650,9710.734,1915.3,95.499,549.341,0,0,0.38478,3.920783573,-0.30526,-5.5562039
2010,Q2,95.503,10131.8,1043.9,340.086,242.3,298.7,162.8,2247.3,783.4,315.3,322.758,825.9,6840.5,1893.6,1687.1,302.2,403.4,633.5,754,869.4,1598.164,295.419,768.057,919.04,199.514,102.688,761.4,9809.042,1924.5,95.943,539.524,0,0,0.92203,3.106920086,0.09791,7.683555
2010,Q3,95.671,10220.6,1052.4,348.849,240.1,298.3,165.2,2262.7,785.3,315.7,329.888,831.8,6905.5,1908.2,1719,304.4,408.9,640.4,756,874.8,1606.188,301.984,784.729,934.263,199.192,105.226,774.2,9890.712,1932.8,96.222,553.021,0,0,0.73721,-3.565316959,0.16203,1.4359311
2010,Q4,96.25,10350.5,1078.4,367.148,241.7,300.3,169.4,2320.4,794.3,322.8,364.459,838.8,6951.7,1922.9,1728.8,310.9,407.6,645.8,770.3,874.9,1617.543,305.319,784.565,944.263,203.874,106.984,777.8,9986.041,1955.9,96.763,590.596,0,0,0.5019,4.871578014,0.30845,-3.348405
2011,Q1,97.091,10485.4,1087.9,368.037,243.7,303.4,172.8,2381.1,806.8,327.1,395.038,852.1,7016.3,1929.7,1741.5,316.6,404.1,654.6,783.9,887.3,1633.373,296.307,794.484,946.993,203.773,112.781,865.7,10090.362,1986.1,97.283,610.919,0,0,-0.24044,12.97028923,0.20371,-5.7366636
2011,Q2,98.048,10612.1,1082.9,355.465,246.3,304.9,176.3,2431.6,817.5,331.7,423.477,858.8,7097.7,1946.5,1753.4,327.4,409.7,665.2,793.8,892.7,1648.569,297.954,799.322,954.124,208.911,118.534,827.7,10188.623,2008.1,97.922,640.598,0,0,0.71497,16.03708008,-0.22316,4.6676824
2011,Q3,98.523,10705.4,1090.8,359.296,247.5,305.7,178.3,2437,824.6,333.3,420.238,858.9,7177.6,1971.6,1755.4,333.3,412.5,676.3,809.3,894.6,1663.861,307.734,803.774,951.655,212.194,121.098,843.3,10285.162,2016.8,98.553,645.92,0,0,-0.02778,-5.455970954,-0.34818,1.2029895
2011,Q4,98.86,10761.6,1112.4,377.915,249.9,307.4,177.1,2448.8,829.2,338.2,416.45,865,7200.4,1975.9,1778.2,336.2,409.8,681.7,804.7,898.6,1676.859,299.059,811.469,966.764,213.901,122.257,862.7,10345.15,2032.3,98.703,633.24,0,0,1.15928,-6.814004567,-0.22671,-3.1214857
2012,Q1,99.538,10922.4,1138.1,390.846,255.2,311,181,2490.6,839.1,345.1,425.777,880.6,7293.7,1967.3,1811.2,334.4,420.2,692,826.1,917.3,1688.745,278.575,825.608,985.563,211.898,122.488,1008.9,10496.623,2064.8,99.32,620.874,0,0,0.78299,5.926497152,0.34706,-3.0404396
2012,Q2,99.776,10964.9,1133.6,391.031,252.2,309.9,180.4,2482.8,845.4,342.5,416.967,878,7348.5,1994.4,1814.2,343.7,428.4,701.7,816.5,909,1699.557,294.845,830.645,983.509,219.172,124.507,1106.1,10547.933,2065.8,99.713,627.416,0,0,0.4302,3.575767851,0.28928,5.3497937
2012,Q3,100.062,11014.2,1141.7,394.709,253,311.7,182.2,2490.1,847.4,346.2,418.073,878.5,7382.4,2009.8,1823.4,342,433.4,708.7,816.1,906.8,1708.813,300.986,824.109,999.284,219.201,122.84,1008,10596.127,2072,100.225,634.007,0,0,0.13495,-2.779390325,0.17371,0.4042264
2012,Q4,100.624,11125.7,1163.6,409.846,255.4,314.6,183.8,2510.5,852.9,347.1,426.921,883.6,7451.7,2013.8,1836.5,344.1,441.1,717.3,821.9,919,1718.936,294.862,838.997,997.459,219.626,124.469,1307.3,10698.779,2083.6,100.737,635.915,0,0,0.11387,-4.202835976,0.0002,-3.6200724
2013,Q1,100.982,11223.2,1188.8,418.614,260.5,323.1,186.5,2542.8,859.3,352,431.808,899.8,7491.6,2034.9,1838.3,351.7,444,727.4,838.6,910.6,1727.118,307.78,834.148,1004.118,222.883,128.817,743.2,10791.392,2111,101.139,652.816,0,0,0.88568,1.23674124,-0.14161,-2.941004
2013,Q2,101.057,11239.6,1185.5,418.163,262.2,319.6,185.5,2513.9,857.9,349.6,408.838,897.6,7540.3,2045.6,1848.2,357.6,440.8,725.2,854.7,915.1,1738.18,307.449,839.408,1008.801,227.202,130.391,827.7,10830.762,2105.1,101.431,628.528,0,0,0.1234,0.331909161,0.04723,7.4661944
2013,Q3,101.466,11330.9,1188.9,416.239,265.7,321.6,185.4,2541.4,866.2,349.5,415.225,910.5,7600.6,2054,1859.1,364.4,449.5,731.4,859,927.5,1752.62,301.372,841.456,1017.673,232.125,132.307,840.9,10915.675,2126.2,101.918,628.261,0,0,0.78342,-1.046742943,0.2692,2.0478642
2013,Q4,101.88,11475.1,1194.5,417.117,266,321.9,189.5,2564.1,872.6,351.1,417.122,923.3,7716.5,2086.5,1887.4,366,454,745,881.1,940.8,1771.804,314.731,850.383,1036.975,230.642,135.382,793.6,11057.978,2147,102.517,642.758,0,0,0.79825,-8.706069818,0.31862,-2.5246324
2014,Q1,102.361,11573.9,1202.6,423.005,265.9,323.9,189.8,2585.5,882.8,350.4,422.013,930.3,7785.8,2128.4,1880.9,375.4,461,750.7,884.9,947.8,1794.319,334.129,849.639,1027.974,238.888,136.56,918.6,11151.887,2163.5,102.937,665.656,0,0,-0.25176,2.781682451,-0.08458,-5.5939535
2014,Q2,102.867,11756,1239.6,442.28,274.1,329.5,193.7,2621.2,893.3,358.2,416.06,953.7,7895.2,2140.9,1921.3,379.9,459.1,769.2,900,960.9,1819.02,321.882,868.201,1049.941,241.858,138.025,968.2,11339.94,2205.1,103.512,647.945,0,0,1.25387,7.44226157,0.24685,6.6859156
2014,Q3,103.176,11920.7,1256.4,448.755,277.2,334.2,196.2,2639.9,903.3,359.6,405.982,971,8024.5,2156,1961.1,387.7,467.8,784.2,919.6,978.6,1843.729,312.293,885.983,1073.769,246.608,141.098,989.5,11514.718,2233.9,103.957,628.385,0,0,1.20891,-5.228949178,0.38778,2.4962723
2014,Q4,103.069,12045.5,1270.8,455.177,279.6,338,198.1,2630,911.2,363.8,369.174,985.9,8144.7,2192.8,1998.9,389.8,475.4,802.4,927.9,988.8,1870.042,322.774,901.289,1096.47,248.237,141.563,1006.7,11676.326,2260.8,104.123,600.101,0,0,0.47185,-18.11246819,0.48935,-1.3828571
2015,Q1,102.608,12095.6,1281.4,463.501,281.2,337.6,199.2,2577.7,917.3,363,303.524,993.9,8236.4,2231,2022.9,393.3,482.4,812.2,943.4,986.8,1898.838,332.118,910.374,1114.252,250.859,142.457,1048,11792.076,2274.2,104.09,545.061,0,0,0.82272,-20.64452344,0.61693,-3.9376666
2015,Q2,103.108,12256.7,1308.3,480.182,286.6,340.6,200.9,2614.4,916.6,365.3,323.041,1009.5,8334,2243.7,2045.2,398.7,491.4,829.5,960.8,995,1927.881,315.846,925.664,1123.834,255.68,143.006,1051.5,11933.659,2291.4,104.675,547.944,0,0,0.82461,17.60328743,0.51616,6.228849
2015,Q3,103.417,12380.7,1317.2,479.095,290.8,345.7,201.7,2639.5,923.8,368.5,322.096,1025.2,8424,2272.2,2077.1,400.3,493.5,837.7,961.3,1003.5,1955.926,316.269,948.561,1129.865,256.597,143.707,1056.7,12058.604,2317.4,105.048,547.273,0,0,0.24012,-2.663142942,0.63286,2.3858082
2015,Q4,103.37,12445.1,1319.3,472.673,293.9,350.6,202.3,2620.8,926.5,368.3,288.086,1037.9,8505,2284.6,2083.6,404.9,506.8,851.3,962.1,1009.9,1979.867,304.711,960.752,1136.717,261.542,143.34,1038.9,12157.014,2332.7,105.049,500.048,0,0,0.09991,-17.36546486,0.54365,-2.5408434
2016,Q1,103.428,12526.5,1323.7,471.327,297.7,352.7,201.9,2608.5,934.4,370.8,259.962,1043.2,8594.3,2306.2,2117.2,410.6,508.1,859.8,960.1,1035.2,2002.382,303.845,967.023,1156.298,268.075,142.492,1038.1,12266.538,2348.5,104.941,468.021,0,0,0.38467,-12.81181049,0.63634,-2.0476367
2016,Q2,104.036,12706.5,1336.3,474.852,300.6,356.5,204.3,2654,946.7,372.8,275.315,1059.2,8716.2,2341.1,2163.9,413.9,508.9,872.3,967.9,1048.7,2027.551,313.542,984.436,1185.527,271.275,142.614,945.1,12431.185,2378.7,105.657,497.511,0,0,0.5656,17.96887024,0.65687,3.5330057
2016,Q3,104.485,12845.2,1357.7,489.55,303.2,359.9,205,2656.3,946.5,375.1,272.994,1061.7,8831.2,2375.1,2156.5,419.1,518.2,880.2,987.1,1065.4,2050.384,324.764,981.475,1190.431,276.36,142.777,925.5,12572.206,2383.3,106.043,506.152,0,0,0.47791,-2.920393458,0.65307,3.0731984
2016,Q4,104.989,12989.4,1368.7,498.976,303.5,360.2,206.1,2680.1,949.3,373.3,291.292,1066.2,8940.6,2389.4,2202.8,427.5,528.9,881.6,995.1,1080.3,2072.725,316.641,1006.273,1214.851,281.953,145.524,926.5,12698.108,2388.8,106.551,512.074,0,0,0.43757,0.573790973,0.63838,-3.9749716
2017,Q1,105.528,13114.1,1375.6,489.096,309.8,368.2,208.5,2714.8,953.2,375.3,307.104,1079.2,9023.7,2402.4,2211.8,427.4,539,891.7,1012.3,1092.4,2093.044,309.309,1014.672,1223.553,280.216,147.192,1025.8,12806.996,2407.7,107.058,517.65,0,0,0.4433,4.158023323,0.36023,-4.920577
2017,Q2,105.735,13233.2,1393.4,489.719,312.9,378.2,212.6,2723.7,959.5,378.5,292.564,1093.2,9116.1,2438.2,2218.9,432.9,541.2,894.1,1030.4,1104.6,2111.671,326.5,1022.907,1225.778,284.481,148.37,1033.9,12940.636,2431.1,107.411,524.15,0,0,0.73967,2.118952456,0.29916,7.8333383
2017,Q3,106.156,13359.1,1411.2,497.742,316.3,379.9,217.3,2754.8,967.9,380.2,301.003,1105.8,9193.1,2458.2,2253.2,435.5,543.3,898.8,1044.8,1104.6,2134.12,324.103,1034.252,1250.352,286.745,148.769,1038.8,13058.097,2453.8,107.973,529.839,0,0,0.69848,1.528605639,0.31321,1.4993082
2017,Q4,106.873,13579.2,1445.7,516.402,322.6,386.3,220.4,2805.2,982.6,384.7,327.298,1110.5,9328.3,2492.6,2289.5,452.3,543.6,904.6,1074.1,1124.3,2156.562,336.057,1044.985,1268.178,298.94,153.341,1025.2,13251.902,2477.9,108.713,564.125,0,0,0.56794,2.140786372,0.29915,-3.5245301
2018,Q1,107.524,13679.6,1434.5,498.526,324.1,388.5,223.4,2833.2,988.3,385.5,340.579,1118.8,9411.9,2515.6,2307.7,450.1,549,914.2,1091.2,1130.1,2181.682,333.895,1062.939,1268.077,300.302,149.827,1220.2,13339.021,2492.6,109.355,575.592,0,0,0.54986,2.089972102,0.12364,-4.6259653
2018,Q2,108.052,13875.6,1458.7,504.574,331.3,392.6,230.2,2870.8,998,394.8,346.99,1131,9546.1,2548.5,2341.4,449.1,555.6,940.9,1102.7,1145.5,2209.353,339.105,1070.552,1287.281,295.16,153.969,1187.4,13528.61,2523.8,110.281,595.67,0,0,1.02387,10.44154273,0.04782,6.7707652
